account_name_en,account_name_cn_x,year,cost_center_x,income_amt,gross_profit_amt,human_cost_amt,service_outsourcing_amt,labor_service_outsourcing_amt,account_name_cn_y,cost_center_y,人力,场地,增值,报关代理,操作,短驳运输,索赔及返利,设备使用,bms_total,operation_fee,op_pct,wh_pct,va_pct,type
ASML,阿斯麦,2020,"{'ASMLXXMXAS', 'ASMLXSHZCS', 'ASMLXGZGQS', 'ASMLXTJXQS', 'ASMLXNJLHS', 'ASMLXBJKCS', 'ASMLXXAEPS'}",44186486.9,7216033.920000004,8542221.21,136642.97999999998,249772.05,阿斯麦,"{'ASMLXXMXAS', 'ASMLXSHZCS', 'ASMLXGZGQS', 'ASMLXNJLHS', 'ASMLXBJKCS', 'ASMLXXAEPS'}",1327221.9555613413,2650782.827044025,277290.27301886794,830164.4298709695,351038.9069300234,39300.0,0.0,218274.78773584907,5694073.180161077,1678260.8624913646,0.29473819696217696,0.46553367741737356,0.048698052210671416,平衡型
ASML,阿斯麦,2021,"{'ASMLXXAEPS', 'ASMLXXMXAS', 'ASMLXSHZCS', 'ASMLXTJXQS', 'ASMLXNJLHS', 'ASMLXBJKCS', 'ASMLXGZGQS'}",42633588.839999996,7104758.35,8236202.57,100566.1,301232.33,阿斯麦,"{'ASMLXXAEPS', 'ASMLXXMXAS', 'ASMLXSHZCS', 'ASMLXTJXQS', 'ASMLXNJLHS', 'ASMLXBJKCS', 'ASMLXGZGQS'}",2027037.654610798,3116845.370236298,614587.5149056604,2113023.6078793877,180360.23113207548,1676826.288319633,0.0,274845.18164869724,10003525.84873255,2207397.8857428734,0.22066198649574656,0.3115746805043947,0.061437089702080276,平衡型
Abbott Nutrition,雅培 营养品,2020,"{'ABBOTSHTRT', 'ABBOTBJTRT', 'ABBOTSZTRT', 'ABBOTSHDBS', 'ABBOTCDXXS', 'ABBOTSHDBP', 'ABBOTSHKQP', 'ABBOTCDTRT', 'ABBOTSHKQS', 'ABBOTSZLHS', 'ABBOTBJXWS'}",51638291.91,712057.7999999948,5966229.56,4920662.600000001,1098956.93,雅培 营养品,"{'ABBOTSHDBS', 'ABBOTCDXXS', 'ABBOTSHDBP', 'ABBOTSHKQS', 'ABBOTSZLHS', 'ABBOTBJXWS', 'ABBOTSHKQP'}",397531.85220125783,8336764.339622642,943575.4000501648,0.0,2690077.004716981,0.0,0.0,484704.7358490566,12852653.332440102,3087608.856918239,0.2402312407450618,0.6486415002403157,0.0734148331588918,仓储型
Abbott Nutrition,雅培 营养品,2021,"{'ABBOTSHTRT', 'ABBOTBJTRT', 'ABBOTSZTRT', 'ABBOTSHDBS', 'ABBOTCDXXS', 'ABBOTSHDBP', 'ABBOTSHKQP', 'ABBOTCDTRT', 'ABBOTSHKQS', 'ABBOTSZLHS', 'ABBOTBJXWS'}",38711208.48,627034.4600000014,5199925.34,4399198.680000001,1007972.16,雅培 营养品,"{'ABBOTSHDBS', 'ABBOTCDXXS', 'ABBOTSHDBP', 'ABBOTSHKQS', 'ABBOTSZLHS', 'ABBOTBJXWS', 'ABBOTSHKQP'}",218379.57900943398,8562636.62990566,774162.9231439393,0.0,2257134.4753144654,0.0,0.0,601519.5037735848,12413833.111147083,2475514.0543238996,0.19941576724605678,0.6897657277361642,0.062362923378499,仓储型
Accuray,安科锐,2020,{'ACCURBJXWS'},419497.23,184901.7,150540.41,-7803.31,0.0,安科锐,{'ACCURBJXWS'},3100.0,69637.72133333333,93.0,0.0,15718.75,0.0,0.0,0.0,88549.47133333333,18818.75,0.21252244329228331,0.7864272963436552,0.0010502603640614996,仓储型
Accuray,安科锐,2021,"{'ACCURSHYXS', 'ACCURBJTDD', 'ACCURBJXWS'}",2512734.68,689949.5300000003,456215.98,27255.050000000003,13189.630000000001,安科锐,{'ACCURBJXWS'},12516.666666666666,118705.5,381.0,0.0,58046.03333333333,0.0,0.0,0.0,189649.19999999998,70562.7,0.37206958953689234,0.6259214381078329,0.002008972355274897,仓储型
Airbus Security System,空中客车 安保系统,2021,{'AIRBSBJXWS'},117119.73,24893.060000000005,15315.380000000001,16000.77,0.0,空中客车 安保系统,{'AIRBSBJXWS'},0.0,44960.33018867925,0.0,0.0,6530.691682389937,10012.603773584906,0.0,0.0,61503.625644654094,6530.691682389937,0.10618384873961631,0.7310191832989477,0.0,仓储型
Apex Tool,艾沛克斯工具,2020,{'ATGXXSHYSS'},2125397.29,515204.4500000004,175691.37,764.6799999999993,0.0,艾沛克斯工具,{'ATGXXSHYSS'},7223.899371069182,711380.485408805,46579.489463611855,12764.632377842283,25867.86835055406,17105.52780233603,0.0,0.0,820921.9027742184,33091.76772162324,0.04031049434762689,0.8665629251756717,0.05674046374716209,仓储型
Apex Tool,艾沛克斯工具,2021,{'ATGXXSHYSS'},5334451.31,885789.6799999999,286580.42,52126.829999999994,0.0,艾沛克斯工具,{'ATGXXSHYSS'},11500.943396226414,1959088.5182075473,184208.81056298455,21607.230621375482,82023.02429857878,28695.709686738286,0.0,0.0,2287124.2367734513,93523.9676948052,0.040891511790694696,0.8565728466816133,0.08054167220179353,仓储型
BOSE,博士,2020,"{'BOSEXSHKQS', 'BOSEXSHTRT'}",23383845.93,4456770.320000001,1615734.1,68855.02999999998,710750.88,博士,{'BOSEXSHKQS'},19830.05847076462,170426.6672349016,29568.637858627506,0.0,47221.85919775961,0.0,0.0,23409.225473755403,290456.44823580876,67051.91766852423,0.2308501604140244,0.5867546348860526,0.10180059020284526,仓储型
BOSE,博士,2021,"{'BOSEXSHKQS', 'BOSEXSHWHS', 'BOSEXSHTRT'}",21861839.88,3910161.1200000024,1499542.69,469344.94,747636.66,博士,{'BOSEXSHKQS'},42197.41897084048,214826.69467746562,39130.8939411846,0.0,20656.811320754718,0.0,0.0,41031.17954716981,357842.99845741526,62854.2302915952,0.17564750620396757,0.6003378453778266,0.10935212959278098,仓储型
BRISTOL-MYERS SQUIBB,百时美施贵宝,2020,"{'SQUIBSHTRD', 'SQUIBSHHTS'}",1849845.9300000002,261696.2300000001,373203.33999999997,3499.07,0.0,百时美施贵宝,{'SQUIBSHHTS'},0.0,782649.962264151,0.0,0.0,16981.132075471698,0.0,0.0,0.0,799631.0943396227,16981.132075471698,0.021236207790913394,0.9787637922090866,0.0,仓储型
BRISTOL-MYERS SQUIBB,百时美施贵宝,2021,"{'SQUIBSHTRD', 'SQUIBSHHTS'}",1517688.81,178361.7,346383.64,2491.63,0.0,百时美施贵宝,{'SQUIBSHHTS'},0.0,396348.1029874214,7613.072327044025,0.0,44319.24528301887,0.0,0.0,23456.96855345912,471737.3891509434,44319.24528301887,0.09394897733840193,0.8401880200778415,0.016138369571990923,仓储型
"Beijing Hangyu Kuaijie Freight Agency Co.,Ltd",北京航宇快捷货运代理有限公司,2021,{'VENCHSHKQS'},612476.97,32868.18000000005,83129.97,68798.64,7088.46,北京航宇快捷货运代理有限公司,{'VENCHSHKQS'},4956.405660377359,100880.03907232704,7000.0,0.0,29928.033018867925,0.0,0.0,0.0,142764.47775157233,34884.438679245286,0.24434956950529726,0.7066186257331509,0.0490318047615518,仓储型
Beijing Jingtongluyuan Computer Device,北京京通路远机房设备,2020,{'JTLYSBJXWS'},152833.33000000002,67984.66999999998,1528.33,0.0,0.0,北京京通路远机房设备,{'JTLYSBJXWS'},0.0,6220439.301886793,0.0,0.0,0.0,0.0,0.0,0.0,6220439.301886793,0.0,0.0,1.0,0.0,仓储型
Beijing Jingtongluyuan Computer Device,北京京通路远机房设备,2021,{'JTLYSBJXWS'},218333.32,60527.310000000005,1528.3400000000001,0.0,0.0,北京京通路远机房设备,{'JTLYSBJXWS'},0.0,131000.0,0.0,0.0,0.0,0.0,0.0,0.0,131000.0,0.0,0.0,1.0,0.0,仓储型
Beijing Jinjianweiye Logistics,北京金剑伟业物流,2020,{'LUCKIBJALS'},15250201.709999999,-2374614.0300000007,1588116.02,228992.52000000005,0.0,北京金剑伟业物流,{'LUCKIBJALS'},0.0,692720.0449685535,113339.52641509434,0.0,262084.1946226415,0.0,0.0,0.0,1068143.7660062893,262084.1946226415,0.24536415692669813,0.6485269745650275,0.10610886850827438,仓储型
Beijing Jinjianweiye Logistics,北京金剑伟业物流,2021,"{'LUCKIBJALS', 'LUCKITJXQS'}",12903369.83,-3366203.15,1611635.98,826500.0900000001,689573.62,北京金剑伟业物流,{'LUCKIBJALS'},0.0,713067.00730175,79829.6400803978,0.0,208606.95024146943,0.0,0.0,0.0,1001503.5976236173,208606.95024146943,0.20829376023856042,0.7119964511298073,0.07970978863163225,仓储型
Beijing Yilin Technology,北京亿林在线科贸,2021,"{'BJYILSHTRD', 'BJYILSHSJS'}",839804.71,64995.440000000024,15382.79,242781.88,40254.83,北京亿林在线科贸,{'BJYILSHSJS'},0.0,175164.1037735849,2598.032075471698,0.0,22041.741179245284,0.0,0.0,0.0,199803.8770283019,22041.741179245284,0.110316884272086,0.8766802045026042,0.013002911225309662,仓储型
Bluefocus Otype,欧泰谱,2021,"{'OTYPESHSJS', 'OTYPESHTRR'}",9779004.08,130752.95999999985,1167506.66,1154935.35,658935.9400000001,欧泰谱,"{'OTYPESHSJS', 'OTYPESHTRR'}",0.0,30631.841408277258,7046.856299301823,0.0,23301.46541315467,18640.146154760638,1688.6792452830189,0.0,81308.9885207774,23301.46541315467,0.28657920651909596,0.3767337654243443,0.08666761728933689,平衡型
Burton,波顿,2021,"{'BURTOSHSYS', 'BURTOSHTRT'}",11166397.89,2644877.299999999,1911131.19,379461.70999999996,855321.7000000001,波顿,{'BURTOSHSYS'},0.0,2654202.737032226,435774.14959594054,0.0,2036305.9291016725,0.0,0.0,103071.97895132494,5229354.7946811635,2036305.9291016725,0.389399076760449,0.5075583587734085,0.08333229752151669,仓储型
CHANEL,香奈儿,2021,{'CHANESHKQS'},1139824.35,237800.33999999997,167247.4,90833.42,0.0,香奈儿,{'CHANESHKQS'},0.0,516133.0,0.0,0.0,102071.85849056604,37915.0,0.0,0.0,656119.858490566,102071.85849056604,0.1555689210891849,0.786644381085169,0.0,仓储型
China Comservice Supply Chain,中通服供应链管理,2020,"{'HUAWEDHWMS', 'HUAWEMAC1S', 'HUAWEDHW1S', 'HUAWETP03T', 'HUAWEMAC1T', 'HUAWEI191S'}",32170185.23000002,7722863.84000002,3230261.13,134812.86000000025,5252964.2,中通服供应链管理,"{'HUAWEDHW1S', 'HUAWEDHWMS'}",0.0,3273306.744716981,54923.36,0.0,2506845.50390116,0.0,0.0,0.0,5835075.60861814,2506845.50390116,0.4296166274518643,0.5609707507272839,0.009412621820851936,仓储型
China Comservice Supply Chain,中通服供应链管理,2021,"{'HUAWEDHWMS', 'HUAWEMAC1S', 'HUAWEDHW1S', 'HUAWETP03T', 'HUAWEMAC1T', 'HUAWEI191S'}",10292319.830000002,3520878.270000001,1885926.68,-68401.97000000002,1076937.69,中通服供应链管理,"{'HUAWEDHW1S', 'HUAWEDHWMS'}",0.0,1719516.9785208586,1491803.217264151,51740.094083247335,922447.5533666667,0.0,0.0,0.0,4185507.843234923,922447.5533666667,0.22039083139161417,0.4108263663393035,0.3564210779524322,平衡型
Coach Leatherware,蔻驰 皮革,2020,"{'COACHSHSFR', 'COACHSHTRT', 'COACHSHSFS'}",26790044.1,4389012.769999999,3494561.8400000003,-500257.2699999999,908731.81,蔻驰 皮革,{'COACHSHSFS'},0.0,1142974.895283019,131523.62377807728,0.0,320780.1773270441,0.0,0.0,0.0,1595278.6963881403,320780.1773270441,0.20108096350394467,0.7164734900997679,0.08244554639628739,仓储型
Coach Leatherware,蔻驰 皮革,2021,"{'COACHSHSFR', 'COACHSHTRT', 'COACHSHSFS'}",23041761.72,2990430.09,3093166.22,92802.68000000001,976454.53,蔻驰 皮革,"{'COACHSHSFR', 'COACHSHSFS'}",0.0,9173442.18701496,0.0,0.0,1009687.9622787926,873.1146986809189,0.0,0.0,10184003.263992433,1009687.9622787926,0.09914450497563616,0.9007697610869282,0.0,仓储型
Costa coffee,咖世家,2021,"{'COSTAGZTRT', 'COSTASHHTS', 'COSTASHTRT', 'COSTASHH2S'}",11940781.87,133251.89000000127,2365736.7199999997,26949.03,57195.56,咖世家,"{'COSTASHHTS', 'COSTASHH2S'}",0.0,596838.7544025157,67419.80283018868,0.0,237139.06050587067,0.0,0.0,0.0,901397.617738575,237139.06050587067,0.2630793068887899,0.6621259504766208,0.07479474263458936,仓储型
DHL Supply Chain,敦豪物流 供应链,2020,{'SCREESHZCS'},713046.5599999999,221485.86000000007,117715.39,1243.58,0.0,敦豪物流 供应链,{'SCREESHZCS'},0.0,27018.867924528302,0.0,21787.313714198215,0.0,0.0,0.0,0.0,48806.18163872651,0.0,0.0,0.5535952007991031,0.0,仓储型
DKSH Consumer,大昌华嘉,2020,{'DKSHXSHKQP'},1471966.33,-20061.290000000066,87580.71,283946.51000000007,244961.63,大昌华嘉,{'DKSHXSHKQP'},0.0,91052.45283018869,0.0,0.0,30044.134766542044,0.0,0.0,0.0,121096.58759673074,30044.134766542044,0.24810058947815594,0.7518994105218441,0.0,仓储型
DKSH Consumer,大昌华嘉,2021,{'DKSHXSHKQP'},218812.69000000003,-245180.49000000005,48659.37,35085.59,23506.179999999997,大昌华嘉,{'DKSHXSHKQP'},0.0,41478.53773584905,434.5849056603773,0.0,10846.575337445574,0.0,0.0,0.0,52759.697978955,10846.575337445574,0.2055844849940593,0.7861784529622245,0.008237062043716138,仓储型
DSC Logistics,敦豪物流 供应链物流,2020,{'SCREESHZCS'},713046.5599999999,221485.86000000007,117715.39,1243.58,0.0,敦豪物流 供应链物流,{'SCREESHZCS'},0.0,27018.867924528302,0.0,21787.313714198215,0.0,0.0,0.0,0.0,48806.18163872651,0.0,0.0,0.5535952007991031,0.0,仓储型
Dell,戴尔,2021,"{'DELLSSHALS', 'DELLSSHY2S', 'DELLSBJTRT', 'DELLSGHD2S', 'DELLSGZTRT', 'DELLSBJXWS', 'DELLSSHTRT'}",39437205.28,11591332.960000005,6626099.23,228840.32,4868039.6,戴尔,"{'DELLSBJXWS', 'DELLSSHY2S', 'DELLSGHD2S'}",62493.214921136496,510586.0748522999,35656.80410575808,0.0,428288.2520896854,0.0,0.0,0.0,1037024.3459688799,490781.4670108219,0.473259349135425,0.4923568832660965,0.03438376759847845,平衡型
Diadora,迪亚多纳,2020,{'DIADOXMNSS'},2381299.56,920429.3199999998,456019.44,6172.330000000001,0.0,迪亚多纳,{'DIADOXMNSS'},181.9802492144988,130081.00411869326,3327.19062268743,1869.567548688712,288.77107452503446,0.0,0.0,0.0,135748.51361380893,470.7513237395333,0.0034678193610191135,0.9582499333197919,0.024509959881792574,仓储型
Diadora,迪亚多纳,2021,{'DIADOXMNSS'},1822737.9100000001,362868.87,477847.42,4457.01,0.0,迪亚多纳,{'DIADOXMNSS'},123.37182907423009,157955.5087522232,3856.7203734905925,1342.8797485490968,48.759711691472425,0.0,0.0,0.0,163327.2404150286,172.1315407657025,0.001053905890580784,0.9671106200707527,0.02361345458167501,仓储型
ECCO,爱步,2020,"{'ECCOXDGXSS', 'ECCOXSHSJS', 'ECCOXSHTRR'}",14401635.540000001,-4932165.47,1721626.8800000001,627970.9999999999,3166398.55,爱步,{'ECCOXDGXSS'},0.0,1552.2256918238998,8.505,0.0,1264.26,0.0,0.0,36400.0,39224.9906918239,1264.26,0.032230982791884355,0.0395723660973984,0.00021682605527737685,平衡型
Emerson Corporate,艾默生,2021,{'FISHJCDXXS'},100689.75,35254.73,1284.44,0.36,82.31,艾默生,{'FISHJCDXXS'},0.0,82745.28301886792,0.0,0.0,0.0,0.0,0.0,0.0,82745.28301886792,0.0,0.0,1.0,0.0,仓储型
FORD MOTOR,福特汽车,2020,"{'FORDXGHD1S', 'FORDXHBLCS', 'FORDCCSTRD', 'FORDXSHTRT', 'FORDCCSLGS', 'FORDXCQWHS', 'FORDXCQFDS', 'JMCXXTJJMS', 'FORDXWHFWS', 'FORDXZJJSS'}",97281407.41,14951301.06,7086224.970000001,3727704.21,6015087.2700000005,福特汽车,"{'FORDXGHD1S', 'FORDXHBLCS', 'FORDCCSLGS', 'FORDXCQFDS', 'FORDXWHFWS', 'FORDXZJJSS'}",260290.05566981132,7979167.323238994,0.0,0.0,5894613.271743895,0.0,0.0,23063.903993710694,14157134.55464641,6154903.327413706,0.4347562922183042,0.563614571327233,0.0,仓储型
FORD MOTOR,福特汽车,2021,"{'FORDXGHD1S', 'FORDCCSTRD', 'FORDXHBLCS', 'FORDXSHTRT', 'FORDCCSLGS', 'JMCXXTJJMS', 'FORDXCQFDS', 'FORDXCQWHS', 'FORDXWHFWS', 'FORDXZJJSS'}",94807888.47999999,9705392.239999982,7564905.5600000005,2704509.81,5912461.4,福特汽车,"{'FORDXGHD1S', 'FORDXHBLCS', 'FORDCCSLGS', 'JMCXXTJJMS', 'FORDXCQFDS', 'FORDXCQWHS', 'FORDXWHFWS', 'FORDXZJJSS'}",174279.6066037736,24104374.783333335,2872549.883591346,0.0,12448013.917063314,0.0,0.0,668894.5298113207,40268112.72040309,12622293.523667088,0.3134562975749199,0.598597082279451,0.07133559756168754,仓储型
Fengyi Technology,丰宜科技,2021,"{'VENCHSHKQS', 'VENCHSHTRT'}",1631890.21,240279.69000000006,83129.97,68798.64,7088.46,丰宜科技,{'VENCHSHKQS'},4956.405660377359,100880.03907232704,7000.0,0.0,29928.033018867925,0.0,0.0,0.0,142764.47775157233,34884.438679245286,0.24434956950529726,0.7066186257331509,0.0490318047615518,仓储型
Foton Daimler,北京福田戴姆勒汽车,2021,"{'BFDAXBJYQS', 'BFDAXBJTRT'}",3394890.3,-306130.30999999994,426331.31,356494.45,0.0,北京福田戴姆勒汽车,{'BFDAXBJYQS'},0.0,1448592.5283018867,0.0,0.0,0.0,0.0,0.0,0.0,1448592.5283018867,0.0,0.0,1.0,0.0,仓储型
HP Inc.,惠普,2020,"{'HPPXXSHMGS', 'HPPXXSHMFS', 'HPIPSBJTRT', 'HPIPSTP03T', 'HPPXXWHWDS', 'HPIPSSHYXS', 'HPIPSBJXWS', 'HPIPSI171S'}",72928007.74000001,14741938.730000017,9891095.1,4478377.66,4103002.31,惠普,"{'HPPXXSHMGS', 'HPPXXSHMFS', 'HPPXXWHWDS', 'HPIPSSHYXS', 'HPIPSBJXWS'}",291900.0936762751,6525924.427654987,2741438.172348625,1467614.1933962265,2542610.488007093,0.0,0.0,274812.65544735495,13844300.03053056,2834510.581683368,0.20474206535776296,0.47137987570794443,0.19801926903512534,平衡型
HP Inc.,惠普,2021,"{'HPPXXSHMGS', 'HPPXXSHMFS', 'HPIPSBJTRT', 'HPIPSTP03T', 'HPPXXWHWDS', 'HPIPSSHYXS', 'HPIPSBJXWS', 'HPIPSI171S'}",53583839.760000005,8260984.790000002,8372286.199999999,2615142.2600000002,4241270.43,惠普,"{'HPIPSBJXWS', 'HPPXXSHMFS', 'HPPXXSHMGS', 'HPPXXWHWDS'}",515039.70333333337,6068722.347321537,1347907.0443710694,2501838.7924528304,3275521.776304363,0.0,0.0,295654.6814278171,14004684.34521095,3790561.4796376964,0.2706638283449722,0.43333517541198996,0.09624687077163581,平衡型
Hershey,好时,2020,"{'HERSHSHKQS', 'HERSHSHKQP'}",25481708.88,-1037031.8200000011,4031369.6500000004,2898284.8900000006,2919195.95,好时,"{'HERSHSHKQS', 'HERSHSHKQP'}",0.0,9749020.930613207,231302.20940880504,-26866.34,406969.8157774097,0.0,-405735.33999999997,0.0,9954691.275799422,406969.8157774097,0.04088221367213898,0.9793393547335602,0.023235498018016644,仓储型
Hershey,好时,2021,"{'HERSHSHKQS', 'HERSHSHKQP'}",14899633.620000001,-1349867.34,2490545.49,254947.00000000003,1296206.73,好时,"{'HERSHSHKQS', 'HERSHSHKQP'}",0.0,7068872.105345911,70415.15094339623,0.0,135787.75767295598,0.0,0.0,0.0,7275075.013962264,135787.75767295598,0.01866479141621952,0.9716562498365158,0.009678958747264606,仓储型
Jilin Chengquan Logistics,吉林省成全物流,2020,"{'MARSXBJALP', 'MARSXSYFMS', 'MARSXCNTRT', 'MARSXGDTRT', 'MARSXBJSHD'}",42704596.85,5146288.0699999975,2724169.54,5019343.4799999995,8.526512829121202e-14,吉林省成全物流,"{'MARSXBJALP', 'MARSXSYFMS'}",0.0,276332.6857861313,144658.70933704558,0.0,91368.84598348672,0.0,0.0,0.0,512360.2411066636,91368.84598348672,0.17832930554122656,0.5393328045698302,0.2823378898889432,仓储型
KLA-Tencor,科磊半导体,2020,"{'KLATEBJDSS', 'KLATEXAEPS', 'KLATEWHSLS', 'KLATEXMNSS', 'KLATEJNWHS', 'KLATEDLTZS', 'KLATENJBYS', 'KLATESHWQS', 'KLATESHZCS', 'KLATEHFCBS', 'KLATEGZHPS'}",29859788.330000002,7520833.520000004,4311246.44,38738.740000000005,241554.16,科磊半导体,"{'KLATEBJDSS', 'KLATEXAEPS', 'KLATEJNWHS', 'KLATEWHSLS', 'KLATEXMNSS', 'KLATEDLTZS', 'KLATENJBYS', 'KLATESHWQS', 'KLATESHZCS', 'KLATEHFCBS', 'KLATEGZHPS'}",177696.0695794025,1776530.028553459,11790.478254716982,351814.5973437693,268697.92607504444,0.0,0.0,61230.42028863432,2647759.520095027,446393.99565444695,0.16859310381723264,0.6709559592064842,0.004453001930588404,仓储型
KLA-Tencor,科磊半导体,2021,"{'KLATEBJDSS', 'KLATEXAEPS', 'KLATEJNWHS', 'KLATEWHSLS', 'KLATEXMNSS', 'KLATEQDIHS', 'KLATEDLTZS', 'KLATESHWHS', 'KLATENJBYS', 'KLATESHTRD', 'KLATESHWQS', 'KLATESHZCS', 'KLATEHFCBS', 'KLATEGZHPS'}",27499343.34,6183386.130000001,4073252.64,46093.939999999995,51918.62,科磊半导体,"{'KLATEBJDSS', 'KLATEXAEPS', 'KLATEJNWHS', 'KLATEWHSLS', 'KLATEXMNSS', 'KLATEDLTZS', 'KLATENJBYS', 'KLATESHWQS', 'KLATESHZCS', 'KLATEHFCBS', 'KLATEGZHPS'}",202565.39983314837,1592880.8871909254,31504.665062893077,351165.71233436704,421938.8652351735,0.0,0.0,87708.01721668651,2687763.546873194,624504.2650683218,0.2323508947782397,0.5926417482088412,0.01172151661166176,仓储型
Kalsec,凯斯克,2020,"{'KALSESHKQS', 'KALSESHTRT'}",499758.79000000004,97072.98999999999,44974.840000000004,202.01,0.0,凯斯克,{'KALSESHKQS'},0.0,199675.0,0.0,0.0,10418.535639412998,0.0,0.0,0.0,210093.535639413,10418.535639412998,0.04958998670618073,0.9504100132938192,0.0,仓储型
Kalsec,凯斯克,2021,"{'KALSESHKQS', 'KALSESHTRT'}",464753.95,23920.759999999987,43476.98,254.04,0.0,凯斯克,{'KALSESHKQS'},0.0,184966.95528301888,0.0,0.0,32391.059371069183,0.0,0.0,0.0,217358.01465408807,32391.059371069183,0.1490216931849399,0.85097830681506,0.0,仓储型
Kunlun Lube,昆仑润滑油,2021,"{'KLRHYDQTRT', 'KLRHYCDTRT', 'KLRHYTCTRT', 'KLRHYLAWHS', 'KLRHYLATDT', 'KLRHYDLTRT', 'KLRHYXJTRT', 'KLRHYTCIHS', 'KLRHYWHTRT', 'KLRHYDLTDT'}",47865169.13,-1751367.0400000014,1768539.21,9808.299999999905,2686475.8,昆仑润滑油,"{'KLRHYLAWHS', 'KLRHYTCIHS'}",0.0,743587.2528301887,0.0,0.0,735226.0525471698,1196028.9296347585,0.0,0.0,2674842.235012117,735226.0525471698,0.27486707175604297,0.2779929384608436,0.0,平衡型
LEXMARK,利盟,2020,"{'LEMARGHD2S', 'LEMARSHTRT', 'LEMARBJXWS', 'LEMARSHYXS'}",8499280.799999999,1714206.5500000028,1209383.76,96440.39,133739.37,利盟,"{'LEMARGHD2S', 'LEMARBJXWS', 'LEMARSHYXS'}",56722.22222222222,141283.3333333333,0.0,0.0,12565.0,0.0,0.0,0.0,210570.55555555553,69287.22222222222,0.32904516037116094,0.6709548396288391,0.0,仓储型
LEXMARK,利盟,2021,"{'LEMARGHD2S', 'LEMARSHTRT', 'LEMARBJXWS', 'LEMARSHYXS'}",6637418.09,1191917.39,977221.42,86083.05,140580.66,利盟,"{'LEMARGHD2S', 'LEMARBJXWS', 'LEMARSHYXS'}",120000.0,161087.205,85371.4043081761,0.0,11313.37893081761,0.0,0.0,0.0,377771.9882389937,131313.37893081762,0.3475995653964251,0.4264138422515588,0.22598659235201615,平衡型
Lenovo Corporate,联想,2020,"{'LENOVTP03T', 'LENOVI192S', 'LENXXSHYXS', 'LENXXSHTRD'}",1394148.47,380017.27999999997,187070.97999999998,379.24,3594.46,联想,{'LENXXSHYXS'},183.96226415094338,61397.51886792453,229.23985849056606,0.0,884.4575471698113,0.0,662.3785849056604,0.0,63357.55712264151,1068.4198113207547,0.016863336590654997,0.9690638600392543,0.003618192823420029,仓储型
Lenovo Corporate,联想,2021,"{'LENXXSHYXS', 'LENOVI192S', 'LENXXSHTRD', 'LENOVTP03T'}",1581355.54,480783.4599999999,221395.42,45.97,4968.36,联想,"{'LENXXSHYXS', 'LENXXSHTRD'}",8465.51886792453,85040.09433962265,5858.046342899763,0.0,17060.497190026952,94257.57547169812,7352.609056603774,0.0,218034.34126877578,25526.01605795148,0.11707337435658814,0.39003073481342937,0.026867539805018232,平衡型
Lindt,瑞士莲,2020,"{'LINDTSHKQP', 'LINDTSHKQR', 'LINDTSHTRT', 'LINDTSHKQS'}",12902497.399999999,2896164.5199999986,1425734.27,1285333.2500000005,2043581.28,瑞士莲,"{'LINDTSHKQP', 'LINDTSHKQS'}",8587.0,897146.0807704402,25060.594339622643,799266.0,221078.0204840252,0.0,0.0,0.0,1951137.695594088,229665.0204840252,0.11770825862400047,0.4598066465510393,0.012844093164830235,平衡型
Lindt,瑞士莲,2021,"{'LINDTSHKQP', 'LINDTSHTRT', 'LINDTSHKQS', 'LINDTSHKQR'}",10509052.18,279307.09999999736,1484936.46,2648082.05,322348.50000000006,瑞士莲,"{'LINDTSHKQP', 'LINDTSHKQS', 'LINDTSHKQR'}",0.0,1035987.799009434,3267.4433962264156,1012842.8188679245,481101.8497399563,3875.6905332602437,0.0,0.0,2537075.6015468016,481101.8497399563,0.1896285035600195,0.4083393488068759,0.0012878778205246719,平衡型
Local Logistics,本土物流,2020,"{'BOSEXSHKQS', 'BOSEXSHTRT'}",23383845.93,4456770.320000001,1615734.1,68855.02999999998,710750.88,本土物流,{'BOSEXSHKQS'},19830.05847076462,170426.6672349016,29568.637858627506,0.0,47221.85919775961,0.0,0.0,23409.225473755403,290456.44823580876,67051.91766852423,0.2308501604140244,0.5867546348860526,0.10180059020284526,仓储型
Local Logistics,本土物流,2021,"{'BOSEXSHKQS', 'BOSEXSHWHS', 'BOSEXSHTRT'}",21861839.88,3910161.1200000024,1499542.69,469344.94,747636.66,本土物流,{'BOSEXSHKQS'},42197.41897084048,214826.69467746562,39130.8939411846,0.0,20656.811320754718,0.0,0.0,41031.17954716981,357842.99845741526,62854.2302915952,0.17564750620396757,0.6003378453778266,0.10935212959278098,仓储型
Luckin,瑞幸咖啡,2020,"{'LUCKICNTRT', 'LUCKISJLQS', 'LUCKISHDQS', 'LUCKISHTRT', 'LUCKISHTRD', 'LUCKIBJTRT', 'LUCKIBJALS'}",109903279.08999999,4376294.619999995,5792528.7700000005,298090.84,317612.14,瑞幸咖啡,"{'LUCKISHDQS', 'LUCKIBJALS', 'LUCKISJLQS'}",0.0,939837.8641477987,121105.89433962264,0.0,289646.4622344322,0.0,0.0,0.0,1350590.2207218534,289646.4622344322,0.21445917332321873,0.6958719600720056,0.08966886660477584,仓储型
Luckin,瑞幸咖啡,2021,"{'LUCKICNTRT', 'LUCKISJLQS', 'LUCKISHDQS', 'LUCKISHTRD', 'LUCKISHTRT', 'LUCKIBJTRT', 'LUCKIBJALS', 'LUCKITJXQS'}",110111218.79000002,-1852272.5699999996,4105742.1300000004,957490.54,728800.92,瑞幸咖啡,{'LUCKIBJALS'},0.0,713067.00730175,79829.6400803978,0.0,208606.95024146943,0.0,0.0,0.0,1001503.5976236173,208606.95024146943,0.20829376023856042,0.7119964511298073,0.07970978863163225,仓储型
MLB,MLB,2021,"{'MLBKDSHTRD', 'MLBKDSHWHS'}",32441327.909999996,2052186.2099999948,2063123.5699999998,4720417.320000001,4246352.6899999995,MLB,{'MLBKDSHWHS'},-222864.17452830193,279248.0189976415,0.0,0.0,251570.84875,136180.51905338903,0.0,0.0,444135.2122727286,28706.67422169808,0.06463498823883,0.6287455065061687,0.0,仓储型
MingYu logistic,MingYu logistic,2020,"{'MINGYCDXXS', 'KALSESHKQS', 'MINGYSYFMS', 'KALSESHTRT'}",830861.61,133931.23,45245.03,202.13,7.699999999999999,MingYu logistic,"{'MINGYCDXXS', 'KALSESHKQS', 'MINGYSYFMS'}",0.0,332583.0188679245,0.0,0.0,10418.535639412998,0.0,0.0,0.0,343001.5545073375,10418.535639412998,0.03037460181303675,0.9696253981869632,0.0,仓储型
MingYu logistic,MingYu logistic,2021,"{'MINGYCDXXS', 'KALSESHKQS', 'MINGYSYFMS', 'KALSESHTRT'}",651811.07,51425.39999999998,43493.81,254.39999999999998,9.33,MingYu logistic,"{'MINGYCDXXS', 'KALSESHKQS', 'MINGYSYFMS'}",0.0,308872.61566037737,0.0,0.0,32391.059371069183,0.0,0.0,0.0,341263.67503144656,32391.059371069183,0.09491505173553684,0.9050849482644632,0.0,仓储型
Nokia Networks,诺基亚 网络,2020,"{'HWSXXBJXWS', 'HWSXXNSNXS', 'HWSXXBJT2T', 'NSBSHSHJQS', 'HWSXXBJTRT'}",36840838.64,5158985.390000006,5836769.0,482657.23,3896678.85,诺基亚 网络,"{'NSBSHSHJQS', 'HWSXXBJXWS', 'HWSXXNSNXS'}",186759.94846263976,2154429.0890698424,167815.66150140337,0.0,795777.0101841759,63431.68425076452,0.0,12007.961634748663,3380221.3551035747,982536.9586468157,0.2906723718443313,0.6373633152210613,0.04964635267096621,仓储型
Nokia Networks,诺基亚 网络,2021,"{'NSBSHSHYXS', 'HWSXXBJXWS', 'HWSXXNSNXS', 'HWSXXBJT2T', 'NSBSHSHJQS', 'HWSXXBJTRT'}",30667448.13,4137381.890000001,4847168.96,485088.81999999995,3461247.84,诺基亚 网络,"{'NSBSHSHYXS', 'NSBSHSHJQS', 'HWSXXBJXWS', 'HWSXXNSNXS'}",642118.0555968452,3266164.207037869,370391.18776729563,0.0,1036213.6161406517,4785585.278639143,0.0,-243117.10987421338,9857355.235307591,1678331.671737497,0.17026186351953318,0.33134285303414357,0.03757510802092321,平衡型
OGAWA,奥佳华按摩椅,2020,{'OGAWASHJDS'},645258.95,45544.33999999991,8446.28,16.73,0.0,奥佳华按摩椅,{'OGAWASHJDS'},0.0,76415.09433962265,0.0,0.0,43169.80798742139,0.01,0.0,0.0,119584.91232704403,43169.80798742139,0.36099711198816986,0.639002804389241,0.0,仓储型
OGAWA,奥佳华按摩椅,2021,{'OGAWASHJDS'},850590.78,-46881.68000000015,19550.47,42.38,0.0,奥佳华按摩椅,{'OGAWASHJDS'},0.0,142563.15094339623,0.0,0.0,45495.50594339622,34890.25044051228,0.0,0.0,222948.90732730474,45495.50594339622,0.20406247551868736,0.6394431470978391,0.0,仓储型
Outerstuff,傲司弗,2021,"{'NIANCSHTRD', 'OUTSFSHTRT', 'OUTSFSHDQS', 'NIANCSHDQS'}",390604.38,112401.62999999999,90398.56,550.38,0.0,傲司弗,"{'OUTSFSHDQS', 'NIANCSHDQS'}",10512.917578616352,62451.28301886792,7890.4866689128485,2987.166666666667,32457.354977987423,0.0,0.0,0.0,116299.20891105122,42970.27255660378,0.3694803512332453,0.5369880294425077,0.06784643457848201,仓储型
PERNOD RICARD,保乐力加,2020,"{'PERNOSHFSS', 'PERNOSHMFS'}",37297399.379999995,6014929.75,6952443.340000001,8138195.399999999,1270642.3,保乐力加,"{'PERNOSHFSS', 'PERNOSHMFS'}",1062756.0,3093887.3927672957,846241.0841719077,0.0,420555.8291771488,0.0,0.0,19811.32075471698,5443251.626871069,1483311.8291771489,0.2725047326224376,0.5683895591918001,0.15546609677097556,仓储型
PERNOD RICARD,保乐力加,2021,"{'PERNOSHFSS', 'PERNOSHTRD', 'PERNOSHMFS'}",46833493.28,4351822.000000008,6254160.7,7852535.79,2349657.52,保乐力加,"{'PERNOSHFSS', 'PERNOSHMFS'}",921055.216981132,2485652.331899371,907614.2239953292,0.0,651000.6726002771,0.0,0.0,0.0,4965322.445476109,1572055.8895814093,0.31660700928168417,0.500602399782524,0.18279059093579186,仓储型
SCREEN Graphic + Precision Solution,斯库林集团,2020,{'SCREESHZCS'},713046.5599999999,221485.86000000007,117715.39,1243.58,0.0,斯库林集团,{'SCREESHZCS'},0.0,27018.867924528302,0.0,21787.313714198215,0.0,0.0,0.0,0.0,48806.18163872651,0.0,0.0,0.5535952007991031,0.0,仓储型
SF Express,顺丰速运,2020,"{'HUAWEDHWMS', 'SFELCSHMHS', 'HUAWEMAC1S', 'HUAWEDHW1S', 'HUAWETP03T', 'HUAWEMAC1T', 'HUAWEI191S'}",43500692.32000002,9639780.04000002,4215562.76,8502241.49,5252964.2,顺丰速运,"{'HUAWEDHW1S', 'SFELCSHMHS', 'HUAWEDHWMS'}",407534.5343053173,3273306.744716981,54923.36,0.0,2506845.50390116,0.0,0.0,0.0,6242610.142923458,2914380.038206477,0.4668528021904717,0.5243490574896078,0.008798140319920572,仓储型
SIEMENS,西门子,2020,"{'SIEMESUEPS', 'SIEMESUTRT'}",71958530.11000001,20921422.41000003,5551248.94,-561788.3599999999,0.0,西门子,{'SIEMESUEPS'},0.0,593327.9003846154,31264.903214285718,6401.666666666667,556862.1720350386,0.0,0.0,0.0,1187856.6423006062,556862.1720350386,0.4687957723219227,0.49949453431979396,0.026320434723278358,平衡型
SKF,瑞典滚珠轴承,2020,{'SKFCNSHMFS'},3214978.74,698762.4200000002,514661.22000000003,154657.69999999998,413446.69,瑞典滚珠轴承,{'SKFCNSHMFS'},0.0,300721.9811320754,0.0,0.0,78040.12264150943,0.0,0.0,0.0,378762.1037735848,78040.12264150943,0.20603994397538777,0.7939600560246123,0.0,仓储型
Savio Trading,Savio Trading,2020,{'SAVIOSHJDS'},12735.84,12704.269999999999,0.0,0.0,0.0,Savio Trading,{'SAVIOSHJDS'},0.0,8490.566037735849,0.0,0.0,0.0,0.0,0.0,0.0,8490.566037735849,0.0,0.0,1.0,0.0,仓储型
Savio Trading,Savio Trading,2021,{'SAVIOSHJDS'},14150.91,13997.1,94.80000000000001,0.0,0.0,Savio Trading,{'SAVIOSHJDS'},0.0,11278.301886792453,0.0,0.0,0.0,0.0,0.0,0.0,11278.301886792453,0.0,0.0,1.0,0.0,仓储型
Schueco,旭格,2021,{'SCHUESHIHS'},5645164.92,513982.8300000001,332500.91000000003,2777.3600000000006,0.0,旭格,{'SCHUESHIHS'},42172.351904761905,1703377.9528301887,0.0,0.0,814307.6179245283,0.0,0.0,20011.448113207545,2579869.370772687,856479.9698292902,0.33198578948699603,0.6602574425386571,0.0,仓储型
Shanghai SAIC Information Technology,上海萨依克信息技术,2021,"{'RAZERSHSJS', 'RAZERSHTRD'}",877738.9400000001,28416.959999999974,85584.67,303843.7,-18103.8,上海萨依克信息技术,{'RAZERSHSJS'},25000.0,172827.80188679244,54521.708186675576,0.0,32635.74143575921,0.0,0.0,0.0,284985.25150922727,57635.741435759206,0.2022411374993315,0.6064447229164651,0.19131413958420326,仓储型
Shanghai Xinwei Ecommerce,上海心味电子商务有限公司,2021,"{'VENCHSHKQS', 'VENCHSHTRT', 'XINWESHKQP'}",1641098.33,244462.44000000006,83229.05,73119.25,7088.46,上海心味电子商务有限公司,"{'VENCHSHKQS', 'XINWESHKQP'}",4956.405660377359,100880.03907232704,7000.0,0.0,30412.58421383648,0.0,0.0,0.0,143249.02894654087,35368.98987421384,0.2469056169826687,0.704228432221865,0.048865950795466344,仓储型
Shell Downstream,壳牌,2020,{'SHEHKSHTWS'},3696578.28,369296.61000000004,57886.38,134.63,0.0,壳牌,{'SHEHKSHTWS'},0.0,301524.09433962265,4207.5,28888.0,104631.41981132077,45437.66055045871,0.0,0.0,484688.67470140214,104631.41981132077,0.21587345707175873,0.6220984934821924,0.008680830024741298,仓储型
Shell Downstream,壳牌,2021,{'SHEHKSHTWS'},3340464.55,233284.4599999998,14912.62,0.0,0.0,壳牌,{'SHEHKSHTWS'},0.0,1106004.8113207547,22293.37893081761,67180.61320754717,391099.93396226416,392031.8373434885,0.0,0.0,1978610.5747648722,391099.93396226416,0.19766392586309736,0.558980541914968,0.011267188811758392,仓储型
SinoRail Info Engineering Group,中铁信息工程集团,2020,{'SINORBJXWS'},247980.0,76112.81999999998,23200.84,184.38999999999996,0.0,中铁信息工程集团,{'SINORBJXWS'},0.0,90092.5,0.0,0.0,0.0,0.0,0.0,0.0,90092.5,0.0,0.0,1.0,0.0,仓储型
SinoRail Info Engineering Group,中铁信息工程集团,2021,{'SINORBJXWS'},234160.0,117439.02,300.36,0.0,0.0,中铁信息工程集团,{'SINORBJXWS'},0.0,184536.0530188679,0.0,0.0,0.0,0.0,0.0,0.0,184536.0530188679,0.0,0.0,1.0,0.0,仓储型
Solvay Chemicals,索尔维,2020,"{'SOLVASHMFS', 'SOLVASHFSS'}",3672532.8699999996,204892.0500000004,1178528.89,8997.520000000002,220602.01,索尔维,"{'SOLVASHMFS', 'SOLVASHFSS'}",41880.74,567143.0858018869,73201.19496855346,0.0,85575.91908355801,0.0,0.0,7924.0,775724.9398539984,127456.65908355801,0.1643065119287605,0.7311136417872947,0.09436488529340167,仓储型
Solvay Chemicals,索尔维,2021,"{'SOLVASHMFS', 'SOLVASHFSS'}",3052340.88,-1279446.7200000002,733521.79,5469.32,110528.89,索尔维,"{'SOLVASHMFS', 'SOLVASHFSS'}",16777.223333333335,879762.6707075471,182615.5596226415,0.0,153167.4997647125,0.0,0.0,71320.0,1303642.9534282344,169944.72309804583,0.13036140198597812,0.6748494044278037,0.140080962461701,仓储型
Suzhou Kemiyou Technology,苏州科密优机电科技,2020,"{'SIEMESUEPS', 'SIEMESUTRT'}",71958530.11000001,20921422.41000003,5551248.94,-561788.3599999999,0.0,苏州科密优机电科技,{'SIEMESUEPS'},0.0,593327.9003846154,31264.903214285718,6401.666666666667,556862.1720350386,0.0,0.0,0.0,1187856.6423006062,556862.1720350386,0.4687957723219227,0.49949453431979396,0.026320434723278358,平衡型
Taotong,广州淘通科技,2020,"{'MARSXBJALP', 'MARSXCNTRT', 'MARSXGDTRT', 'MARSXBJSHD', 'MARSXJXXWS'}",73105015.80000003,11092300.110000024,5872812.28,3489064.7300000004,5283356.83,广州淘通科技,"{'MARSXJXXWS', 'MARSXBJALP'}",39452.83018867925,1703111.2295597484,193408.41398274788,0.0,965205.4159900895,0.0,0.0,399753.12657232705,3300931.0162935923,1004658.2461787688,0.3043560259877337,0.5159487493537701,0.058592079939893446,仓储型
VWEI,深圳威巍生物科技有限公司,2021,{'WEIWEGZHPS'},84440.9,37501.740000000005,868.37,4000.0,6091.290000000001,深圳威巍生物科技有限公司,{'WEIWEGZHPS'},4066.1462264150946,42632.89622641509,2.0,0.0,3250.0,2.0,0.0,0.0,49953.04245283019,7316.146226415094,0.1464604730197086,0.8534594517775892,4.003760135108019e-05,仓储型
Volvo Car Corporation,沃尔沃汽车,2020,"{'VOLVOGZHPS', 'VOLVOSHY2S'}",36996898.38,4312381.9100000085,4216614.88,1035044.8800000001,4101903.4,沃尔沃汽车,"{'VOLVOGZHPS', 'VOLVOSHY2S'}",101536.93245283018,1228600.355599257,287225.4122404912,0.0,484958.2051701259,0.0,0.0,168592.5788993711,2270913.484362075,586495.1376229561,0.2582639724770092,0.5410159233540262,0.12648012098143668,仓储型
Volvo Car Corporation,沃尔沃汽车,2021,"{'VOLVOGZHPS', 'VOLVOSHY2S'}",35244574.51,3112721.0399999954,4191286.5,1425683.06,4516967.13,沃尔沃汽车,"{'VOLVOGZHPS', 'VOLVOSHY2S'}",111779.9072327044,1634827.8898982047,544527.5110669362,0.0,768862.1021535351,0.0,0.0,288758.60761973873,3348756.017971119,880642.0093862396,0.2629758646674374,0.48818960865613714,0.16260590743091646,平衡型
Wuxi Lead Intelligent Equipment,无锡先导智能装备,2021,{'LEADXWXCNS'},1152744.24,103041.62000000007,10297.11,0.0,0.0,无锡先导智能装备,{'LEADXWXCNS'},0.0,369099.9905660377,0.0,0.0,0.0,0.0,0.0,0.0,369099.9905660377,0.0,0.0,1.0,0.0,仓储型
ZEBRA TECHNOLOGIES,斑马技术,2020,"{'ZEBRASHALV', 'ZEBRASHALS'}",12954155.72,2518818.5300000007,1946865.24,158331.91000000006,2430706.3,斑马技术,"{'ZEBRASHALV', 'ZEBRASHALS'}",187397.4995317475,262038.00337141787,66979.11906099769,0.0,62195.51414122495,0.0,0.0,14160.001873009927,592770.137978398,249593.01367297245,0.4210620570803252,0.4420566870407483,0.11299340970418212,平衡型
Arte Jewellery,Arte珠宝,2021,{'ARTEXSHWHS'},237059.21,40595.35999999999,35799.54,485.77,0.0,Arte珠宝,{'ARTEXSHWHS'},0.0,33243.19169811321,0.0,0.0,132642.73113207548,14600.928390167906,0.0,0.0,180486.85122035662,132642.73113207548,0.7349163123807385,0.18418622449968144,0.0,操作型
BAT,英美烟草,2021,{'BATXXSZQHS'},1187720.0,192347.38999999996,33581.21,83.8,0.0,英美烟草,{'BATXXSZQHS'},0.0,56690.0,0.0,160.0,122959.04761904762,16584.0,0.0,0.0,196393.04761904763,122959.04761904762,0.6260865601391185,0.2886558393348227,0.0,操作型
BMW Brilliance Automotive,华晨宝马,2020,"{'BMWXXCDTRT', 'BMWXXYJBMS', 'BMWXXBJTRT', 'BMWIMSYXXS', 'BMWIMSYTRT', 'BMWXXSYTRT', 'BMWXXSHYSS', 'BMWXXHFSFS', 'BMWIMBJTRT', 'BMWXXFSTRT', 'BMWXXSHTRD', 'BMWXXGDTRD'}",384343507.09,30823931.910000008,12560249.52,9634720.700000001,5066696.48,华晨宝马,"{'BMWIMSYXXS', 'BMWXXSHYSS', 'BMWXXYJBMS'}",194356.03958333336,759063.9292452831,9536142.716981133,864921.6509433963,-143604349.53330502,0.0,0.0,0.0,-132249865.19655187,-143409993.4937217,1.0843866893972516,-0.005739619682161113,-0.07210701275807249,操作型
BURBERRY,博柏利,2020,"{'BURBYSHDQS', 'BURBYI176S'}",39317479.28,9864385.879999995,9927388.78,1823029.7600000002,2314991.33,博柏利,{'BURBYSHDQS'},61830.58570954026,20218.590094339626,42898.178032954835,0.0,58106.20566037737,0.0,0.0,153632.56132075473,336686.1208179668,119936.79136991763,0.3562273107027267,0.060051748035289634,0.12741296828255128,平衡型
BURBERRY,博柏利,2021,"{'BURBYSHDQS', 'BURBYI176S'}",43567817.28,9577358.179999996,10326382.57,1935704.43,3072001.76,博柏利,{'BURBYSHDQS'},218379.90265592176,126255.85862084458,197340.38700893367,0.0,73209.87601930094,66358.76,0.0,200398.64389188378,881943.4281968847,291589.7786752227,0.33062186230172613,0.14315641410126737,0.22375628719451093,平衡型
Bright Dairy,光明乳业,2021,{'BRIDADGXSS'},163995.93,163628.4,0.0,0.0,0.0,光明乳业,{'BRIDADGXSS'},0.0,53838.881320754714,0.0,0.0,71283.01886792453,0.0,0.0,0.0,125121.90018867925,71283.01886792453,0.5697085702857161,0.4302914297142838,0.0,操作型
COACH,蔻驰,2021,{'COACHSHSFR'},5210750.86,1025410.4800000002,115744.31999999999,541.91,0.0,蔻驰,{'COACHSHSFR'},0.0,0.0,0.0,0.0,0.0,873.1146986809189,0.0,0.0,873.1146986809189,0.0,0.0,0.0,0.0,平衡型
CVTE,视源电子科技,2021,{'CVTESGZTRD'},2278345.13,-160840.7100000002,689599.76,215674.99,884874.29,视源电子科技,{'CVTESGZTRD'},27790.377358490565,177619.38207547172,9387.292452830188,0.0,381577.0,0.0,678.9811320754707,0.0,597053.033018868,409367.37735849054,0.6856465920432797,0.29749347587663727,0.015722711273009365,操作型
Changzhou Taochen Technology,常州涛晨电子科技,2021,{'TAOCHCZIHS'},820233.22,74629.3199999999,37692.39000000001,690669.11,0.0,常州涛晨电子科技,{'TAOCHCZIHS'},158107.47075471698,7958.337547169811,0.0,0.0,0.0,0.0,0.0,0.0,166065.8083018868,158107.47075471698,0.9520772058465968,0.04792279415340304,0.0,操作型
Corning,康宁,2021,{'CORNGWHIHS'},3401737.99,181800.51000000062,71061.26,152.48000000000002,0.0,康宁,{'CORNGWHIHS'},296038.4055305072,2465.09,0.0,0.0,0.0,0.0,0.0,0.0,298503.49553050724,296038.4055305072,0.9917418387492615,0.008258161250738407,0.0,操作型
DHL Supply Chain,敦豪物流 供应链,2021,{'SCREESHZCS'},711289.3799999999,194289.12999999992,143979.80000000002,1100.65,0.0,敦豪物流 供应链,{'SCREESHZCS'},0.0,3663.2075471698113,0.0,181640.6442799118,10546.698113207545,39424.77064220183,0.0,0.0,235275.320582491,10546.698113207545,0.04482704810303177,0.015569875914313915,0.0,平衡型
DSC Logistics,敦豪物流 供应链物流,2021,{'SCREESHZCS'},711289.3799999999,194289.12999999992,143979.80000000002,1100.65,0.0,敦豪物流 供应链物流,{'SCREESHZCS'},0.0,3663.2075471698113,0.0,181640.6442799118,10546.698113207545,39424.77064220183,0.0,0.0,235275.320582491,10546.698113207545,0.04482704810303177,0.015569875914313915,0.0,平衡型
DXC Technology,DXC科技,2020,"{'DXCXXBJTRT', 'DXCXXBJXWS'}",860248.91,173038.42999999996,180538.87,-14200.890000000001,-118.02,DXC科技,{'DXCXXBJXWS'},98100.0,61155.0,0.0,0.0,2024.0,0.0,0.0,0.0,161279.0,100124.0,0.6208123810291483,0.37918761897085174,0.0,操作型
DXC Technology,DXC科技,2021,"{'DXCXXBJTRT', 'DXCXXBJXWS'}",640902.95,103007.92000000004,153139.03,19262.27,0.0,DXC科技,{'DXCXXBJXWS'},94800.0,47808.268,0.0,0.0,6812.0,0.0,0.0,0.0,149420.26799999998,101612.0,0.6800416125608877,0.31995838743911237,0.0,操作型
Dell,戴尔,2020,"{'DELLSSHALS', 'DELLSSHY2S', 'DELLSBJTRT', 'DELLSGHD2S', 'DELLSGZTRT', 'DELLSBJXWS', 'DELLSSHTRT'}",38897483.62,10429516.739999995,7244715.86,367163.23,4225797.19,戴尔,"{'DELLSBJXWS', 'DELLSSHY2S', 'DELLSSHALS', 'DELLSGHD2S'}",118970.40152203437,1979678.2096522832,39781.12834951456,11788.11108265275,4995909.894479562,0.0,0.0,6674.5,7152802.245086046,5114880.296001596,0.7150876147198818,0.27676959907738485,0.005561614453530304,操作型
Dongguan Shunbang Logistics,顺邦国际物流,2020,{'STARBGZHPS'},31840743.220000017,1661098.9500000218,4207282.04,1725180.32,3841279.02,顺邦国际物流,{'STARBGZHPS'},2510706.25,173421.28144654087,0.0,0.0,241.33790737564323,0.0,0.0,772554.6632075472,3456923.532561464,2510947.587907376,0.726353234098542,0.05016636318768716,0.0,操作型
Dongguan Shunbang Logistics,顺邦国际物流,2021,"{'STARBGZHPS', 'STARBHZSCS', 'STARBBJZWS'}",34700787.240000024,-1155267.3399999733,3663850.5400000005,3257653.47,5089932.470000001,顺邦国际物流,"{'STARBGZHPS', 'STARBHZSCS', 'STARBBJZWS'}",1534227.28692185,878034.2416368483,170403.7733902085,0.0,388295.8113895744,91150.5,0.0,1610849.6913821897,4672961.304720671,1922523.0983114243,0.4114142987593911,0.18789674991527314,0.03646590722205744,平衡型
ECCO,爱步,2021,"{'ECCOXDGXSS', 'ECCOXSHSJS', 'ECCOXSHTRR'}",11076181.48,-6417057.900000002,1669580.16,1554915.79,2443366.22,爱步,"{'ECCOXDGXSS', 'ECCOXSHSJS', 'ECCOXSHTRR'}",57641.91981132075,268166.9840345912,147121.48868186216,0.0,274729.56625080283,1441.919336456827,0.0,44200.0,793301.8781150337,332371.48606212356,0.418972266713741,0.33803901318345964,0.18545460781138934,平衡型
Evisu Group,惠美寿集团,2020,"{'EVISUSHDQR', 'EVISUSHDQD', 'EVISUSHDQS', 'EVISUSHTRT'}",8824273.08,-924867.4700000003,932325.26,1125800.5,373810.13,惠美寿集团,"{'EVISUSHDQR', 'EVISUSHDQS'}",145228.39622641512,243823.5141509434,52830.2667115903,0.0,135440.71518418688,12.830188679245284,0.0,10188.67924528302,587524.401707098,280669.111410602,0.477714815921,0.41500151047768424,0.08992012341630039,平衡型
Evisu Group,惠美寿集团,2021,"{'EVISUSHDQR', 'EVISUSHDQD', 'EVISUSHDQS', 'EVISUSHTRT', 'EVISUSHDQV'}",9507237.95,-236798.52000000028,890763.5,1432407.56,379607.8,惠美寿集团,"{'EVISUSHDQR', 'EVISUSHDQS', 'EVISUSHDQV'}",447058.5635534591,501342.0581761006,98388.00644654088,0.0,264865.4797993411,29233.504878080104,0.0,65952.43710691824,1406840.0499604403,711924.0433528002,0.5060447656240802,0.35636038239755696,0.06993546028868564,操作型
FERRERO,费列罗,2020,{'FERRECDXXS'},1699763.1700000002,592063.8300000001,166365.69,5241.25,143924.24000000002,费列罗,{'FERRECDXXS'},0.0,0.0,26368.65,0.0,859363.674009434,0.0,0.0,0.0,885732.324009434,859363.674009434,0.97022954984793,0.0,0.029770450152070038,操作型
FERRERO,费列罗,2021,{'FERRECDXXS'},1527960.77,440054.51999999984,153217.75,1017.53,126391.32,费列罗,{'FERRECDXXS'},0.0,807050.8373584906,36879.59716981132,0.0,989906.3066981132,0.0,0.0,0.0,1833836.7412264151,989906.3066981132,0.539800672788404,0.4400887053984746,0.020110621813121354,操作型
Fugui Pingan,富贵平安,2021,{'PINGATJXQS'},31118975.320000008,245456.6100000071,107006.40999999996,546.33,0.0,富贵平安,{'PINGATJXQS'},0.0,1280922.7987421383,0.0,0.0,26172387.57861635,0.0,0.0,60505.18867924528,27513815.566037733,26172387.57861635,0.9512452940523014,0.046555622053499286,0.0,操作型
Fuji Xerox,富士施乐,2020,"{'FUJIXCQTRT', 'FUJIXWHXDS', 'FUJIXSYXXS', 'FUJIXWHTRT', 'FUJIXSYTRT', 'FUJIXCQFJS'}",5812149.72,854854.3500000003,1104392.36,15587.080000000002,127880.35,富士施乐,"{'FUJIXWHXDS', 'FUJIXCQFJS', 'FUJIXSYXXS'}",0.0,22641.509433962263,15386.194025157232,0.0,240090.69234276726,0.0,0.0,0.0,278118.39580188674,240090.69234276726,0.8632679318120046,0.08140960747555363,0.05532246071244185,操作型
Fuji Xerox,富士施乐,2021,"{'FUJIXCQTRT', 'FUJIXWHXDS', 'FUJIXSYXXS', 'FUJIXWHTRT', 'FUJIXSYTRT', 'FUJIXCQFJS'}",5151523.11,1050061.14,691218.75,6910.779999999999,223712.17,富士施乐,"{'FUJIXWHXDS', 'FUJIXCQFJS', 'FUJIXSYXXS'}",327.90000000000003,105929.92518867925,26403.399198249215,0.0,172015.862309734,0.0,0.0,0.0,304677.0866966625,172343.76230973398,0.5656603986151411,0.34767932940800184,0.08666027197685702,操作型
Global Life Sciences Technologies,格来赛生命科技,2021,"{'CYTIVSHKQS', 'CYTIVSHTRT'}",1552325.21,310528.69999999995,79678.36000000002,533.47,72185.67,格来赛生命科技,{'CYTIVSHKQS'},0.0,91449.73584905661,0.0,0.0,288000.0,0.0,0.0,0.0,379449.7358490566,288000.0,0.7589938081141927,0.24100619188580724,0.0,操作型
HAIER,海尔,2020,{'HAIERQDJZS'},4750268.210000001,1081064.53,1235168.29,2224033.83,0.0,海尔,{'HAIERQDJZS'},122870.8046462264,92323.23999999999,0.0,0.0,0.0,0.0,0.0,0.0,215194.0446462264,122870.8046462264,0.5709767891031693,0.4290232108968307,0.0,操作型
HAIER,海尔,2021,{'HAIERQDJZS'},4975698.010000001,1101578.400000001,1082705.1,2633673.92,0.0,海尔,{'HAIERQDJZS'},203120.70342767294,22427.53,0.0,0.0,0.0,0.0,0.0,0.0,225548.23342767294,203120.70342767294,0.900564373042665,0.09943562695733499,0.0,操作型
HP Enterprise Group,惠普企业,2020,"{'HPESLBJTRT', 'HPESLBJXWS'}",551653.65,205161.729999998,122783.78,30835.5,9957.67,惠普企业,{'HPESLBJXWS'},43709.709150943396,63876.95635220126,0.0,0.0,22570.660691823898,0.0,0.0,0.0,130157.32619496855,66280.3698427673,0.5092327245835008,0.4907672754164992,0.0,操作型
HP Enterprise Group,惠普企业,2021,"{'HPESLBJTRT', 'HPESLBJXWS'}",591899.6100000001,153572.06000000003,90813.64,61859.62,56156.9,惠普企业,{'HPESLBJXWS'},83018.84083333335,30969.717584905662,0.0,0.0,30113.76320754717,0.0,0.0,0.0,144102.3216257862,113132.60404088051,0.7850852280830717,0.21491477191692815,0.0,操作型
HUAWEI,华为,2021,"{'HUAWESZLHS', 'HUAWEDGLSS', 'HUAWEDHW4S', 'HUAWEDGNHS', 'HUAWEDHWTS', 'HUAWEMAC1S', 'HUAWEDHW1S', 'HUAWETP03T', 'HUAWEMAC1T', 'HUAWEI191S', 'HUAWEDGTRD'}",80518545.12,13372876.23999999,10174707.73,-5110194.52,45123942.690000005,华为,"{'HUAWESZLHS', 'HUAWEDGLSS', 'HUAWEDHW4S', 'HUAWEDGNHS', 'HUAWEDHWTS', 'HUAWEDHW1S'}",942178.0825471698,374640.6539622641,4599935.4868667815,85565.17973218959,6653885.5537483115,106347.65242424242,0.0,0.0,12762552.609280959,7596063.636295482,0.5951837276479947,0.029354680480597944,0.3604244094180421,操作型
Hangzhou Ruitai Supply Chain Management,杭州锐太供应链管理,2021,"{'DRJATSHLXS', 'UCOHZHZLYS', 'UCOHZJXXWS'}",8116567.87,860042.22,508919.53,638345.5800000002,462670.98,杭州锐太供应链管理,"{'DRJATSHLXS', 'UCOHZHZLYS', 'UCOHZJXXWS'}",0.0,1534138.1801886794,31217.51641509434,0.0,1674367.0609613657,9946.57370596566,0.0,0.0,3249669.331271105,1674367.0609613657,0.5152422878380795,0.4720905494678755,0.00960636705854735,操作型
House Foods,好侍食品,2021,{'HOUSFSHSJS'},320982.37,11741.349999999957,10747.380000000001,56365.130000000005,0.0,好侍食品,{'HOUSFSHSJS'},0.0,0.0,459.6698113207547,0.0,45055.61855345912,12939.502358490567,0.0,0.0,58454.79072327044,45055.61855345912,0.7707771766176694,0.0,0.007863680728870755,操作型
Huan Sheng Solar,东方环晟光伏,2021,"{'HSSOLWXIHS', 'HSSOLWXTRD'}",11460110.64,938947.3100000018,433635.35,2090.0099999999998,0.0,东方环晟光伏,{'HSSOLWXIHS'},0.0,-878581.5188679246,0.0,0.0,3593504.820283019,0.0,0.0,1759184.5575221241,4474107.858937219,3593504.820283019,0.8031779594014127,-0.19637021425688722,0.0,操作型
INFINEON,英飞凌,2020,"{'INFINWXIFS', 'INFINWXWHS', 'INFINI182S'}",30776878.16,11497180.02,4603330.45,22264.490000000067,2988204.52,英飞凌,{'INFINWXIFS'},1253109.9056603773,0.0,32500.0,0.0,0.0,0.0,0.0,0.0,1285609.9056603773,1253109.9056603773,0.9747201698921993,0.0,0.02527983010780068,操作型
INFINEON,英飞凌,2021,"{'INFINWXIFS', 'INFINWXWHS', 'INFINI182S'}",12821187.88,4890906.949999999,1655434.8599999999,3000516.12,2480864.62,英飞凌,"{'INFINWXIFS', 'INFINWXWHS'}",1926276.2045749952,34481.653396226415,62562.5,0.0,0.0,0.0,0.0,0.0,2023320.3579712217,1926276.2045749952,0.9520371783865544,0.01704211261473249,0.03092070899871302,操作型
INTEL,英特尔,2020,{'INTELCDXKS'},5963250.4,751652.5899999995,603523.4299999999,6851.6800000000385,1405799.87,英特尔,{'INTELCDXKS'},141756.1006289308,0.0,37755.0,102588.95283018869,80347.87735849057,185199.65543575922,0.0,0.0,547647.5862533693,222103.9779874214,0.40556004182709005,0.0,0.06894032028570402,平衡型
INTEL,英特尔,2021,"{'INTELCDXKS', 'INTELCDIHS'}",5835236.91,1128946.2200000002,1013021.49,-194539.65999999997,1300829.79,英特尔,{'INTELCDXKS'},192233.679245283,0.0,23085.0,293378.8099056604,148363.1603773585,409259.7723382749,0.0,0.0,1066320.421866577,340596.8396226415,0.31941322011486206,0.0,0.021649214932590408,平衡型
JOHNSON & JOHNSON,强生,2020,"{'JOHNSTP02T', 'JOHNSSHTRT', 'JOHNSVAS1P', 'JOHNSM101S', 'JOHNSSHMFS', 'JOHNSSHMFP'}",57958382.86,4724632.050000004,11544428.76,340042.7099999988,10356840.18,强生,"{'JOHNSSHMFS', 'JOHNSSHMFP'}",10055445.0,2395344.629716981,707396.9716981133,0.0,0.0,0.0,0.0,369190.77358490566,13527377.375,10055445.0,0.7433403180267232,0.17707383798901236,0.05229372642515736,操作型
JOHNSON & JOHNSON,强生,2021,"{'JOHNSTP02T', 'JOHNSSHTRT', 'JOHNSVAS1P', 'JOHNSM101S', 'JOHNSSHMFS', 'JOHNSSHMFP'}",47715707.6,3394993.79,9654021.75,349284.41,9888165.45,强生,"{'JOHNSSHMFS', 'JOHNSSHMFP'}",7225049.240408805,2316362.1677106917,642854.6886792453,0.0,0.0,0.0,0.0,408207.77358490566,10592473.870383646,7225049.240408805,0.6820927130733742,0.218679998275681,0.06068975921447913,操作型
KUKA,顾家家居,2021,"{'KUKAXJSTRD', 'KUKAXHZTRD', 'KUKAXCZWJS', 'KUKAXJHWHS', 'KUKAXCZTRD', 'KUKAXWXIHS'}",11174819.72,-1844263.4700000004,296305.06,555905.87,257067.66999999998,顾家家居,{'KUKAXWXIHS'},0.0,94857.77358490566,0.0,0.0,142286.20754716982,0.0,0.0,0.0,237143.98113207548,142286.20754716982,0.5999992361936635,0.4000007638063366,0.0,操作型
Keysight Technologies,是德科技,2020,"{'KEYSIBJIHS', 'KEYSISHYXS', 'KEYSISHIHS'}",2603831.02,917332.56,1322295.29,117056.87,222300.57,是德科技,"{'KEYSIBJIHS', 'KEYSISHYXS', 'KEYSISHIHS'}",50082446.60144514,55513.35,360.2398885077187,0.0,11925.733333333334,1649.6029999999998,0.0,0.0,50151895.52766698,50094372.33477847,0.9988530205631655,0.0011069043236735748,7.18297652994965e-06,操作型
Keysight Technologies,是德科技,2021,"{'KEYSIBJIHS', 'KEYSISHYXS', 'KEYSISHIHS'}",2365504.52,691076.86,1227171.86,12481.2,331133.64999999997,是德科技,"{'KEYSIBJIHS', 'KEYSISHYXS', 'KEYSISHIHS'}",242811.47764352217,114227.84,445.8052029731275,0.0,30430.151635220125,5422.278594546381,0.0,0.0,393337.5530762618,273241.6292787423,0.6946746557549393,0.290406647182892,0.0011333908992073613,操作型
LAM RESEARCH,拉姆研究,2020,"{'LAMREXMXAS', 'LAMREDLTZS', 'LAMREWXIHS', 'LAMREXAEPS', 'LAMREWHSLS', 'LAMRENJLHS', 'LAMREBJDSS', 'LAMRESHLDS', 'LAMREHFCBS'}",21346945.96,2659970.8299999987,4648404.62,50041.16,193793.38999999998,拉姆研究,"{'LAMREXMXAS', 'LAMREDLTZS', 'LAMREWXIHS', 'LAMREXAEPS', 'LAMREWHSLS', 'LAMRENJLHS', 'LAMREBJDSS', 'LAMRESHLDS', 'LAMREHFCBS'}",2343537.7358490564,1786682.3899371068,30201.08176100629,847090.9748427673,1626397.6171383648,647.0,0.0,0.0,6634556.799528301,3969935.352987421,0.5983723514537811,0.2692994338467545,0.004552087301920983,操作型
LAM RESEARCH,拉姆研究,2021,"{'LAMREXMXAS', 'LAMREDLTZS', 'LAMREWXIHS', 'LAMREXAEPS', 'LAMREWHSLS', 'LAMRENJLHS', 'LAMREBJDSS', 'LAMRESHLDS', 'LAMREHFCBS'}",20533690.51,1761135.4499999986,4825998.54,46257.74,384022.08,拉姆研究,"{'LAMREXMXAS', 'LAMREDLTZS', 'LAMREWXIHS', 'LAMREXAEPS', 'LAMREWHSLS', 'LAMRENJLHS', 'LAMREBJDSS', 'LAMRESHLDS', 'LAMREHFCBS'}",3892714.445642408,2765326.0188679243,110894.43396226416,732548.6758618823,1441499.208506902,186128.3358191075,0.0,0.0,9129111.11866049,5334213.65414931,0.584308108951137,0.30291295427606535,0.012147341895706452,操作型
Landbase,乐缤士,2020,{'LANDBSHKQP'},2988519.36,-164711.2300000003,296735.99,626003.0199999999,913512.3500000001,乐缤士,{'LANDBSHKQP'},0.0,37959.70047169812,0.0,0.0,100321.46140026758,0.0,0.0,0.0,138281.16187196568,100321.46140026758,0.7254889967814637,0.27451100321853633,0.0,操作型
Landbase,乐缤士,2021,{'LANDBSHKQP'},4823649.64,640798.9699999979,419060.16000000003,2268111.65,403811.84,乐缤士,{'LANDBSHKQP'},0.0,204833.00943396226,0.0,0.0,652310.3355802635,0.0,0.0,0.0,857143.3450142258,652310.3355802635,0.7610282916790742,0.23897170832092582,0.0,操作型
MICHELIN,米其林,2020,"{'MICHEBJXWS', 'MICHETCTGS', 'MICHESYTRT', 'MICHESHXCS', 'MICHELZB5S', 'MICHETCTRT'}",90929763.16,16502221.509999994,4934391.45,40051.96999999997,3592854.07,米其林,"{'MICHEBJXWS', 'MICHELZB5S', 'MICHESHXCS', 'MICHETCTGS'}",0.0,19931.134433962263,6053.287306745574,0.0,1136336.562301713,535259.0562898279,0.0,0.0,1697580.040332249,1136336.562301713,0.669386146929078,0.011740909977983341,0.0035658332231338144,操作型
MICHELIN,米其林,2021,"{'MICHEBJXWS', 'MICHETCTGS', 'MICHESYTRT', 'MICHESHXCS', 'MICHELZB5S', 'MICHESHIHS', 'MICHETCTRT'}",96419424.71,19616167.599999998,4830943.19,33367.23,3911299.7800000003,米其林,"{'MICHEBJXWS', 'MICHETCTGS', 'MICHESHXCS', 'MICHELZB5S', 'MICHESHIHS'}",0.0,355182.7177201258,8510.595597484276,0.0,6479602.486905426,9397361.405388687,0.0,0.0,16240657.205611723,6479602.486905426,0.3989741551017094,0.02186997196131925,0.0005240302464202966,平衡型
Mars Wrigley Confectionary,玛氏 箭牌糖果,2020,"{'MARSXBJALP', 'MARSXCDXXP', 'MARSXSHTRT', 'MARSXSYFMS', 'MARSXCNTRT', 'MARSXBJSHS', 'MARSXGDTRT', 'MARSXBJSHD', 'MARSXJXXWP', 'MARSXJXXWS', 'MARSXCDXXS', 'MARSXWHIHP'}",176196335.58,25415110.22000004,14650264.32,24407916.8,9437955.35,玛氏 箭牌糖果,"{'MARSXBJALP', 'MARSXCDXXP', 'MARSXSYFMS', 'MARSXBJSHS', 'MARSXJXXWS', 'MARSXJXXWP', 'MARSXCDXXS', 'MARSXWHIHP'}",1997309.785754717,3071867.3072460727,1369472.4253812826,852.0,1307632.7105457145,0.0,0.0,409645.5794025157,8156779.808330303,3304942.4963004314,0.4051773584626106,0.3766029461907083,0.16789375924830982,平衡型
Midea,美的,2020,"{'MIDEASZXCS', 'MIDEASUCHS'}",9274471.41,474330.08999999904,370131.12999999995,2940130.5900000003,5197154.39,美的,{'MIDEASZXCS'},0.0,0.0,0.0,0.0,0.0,0.0,0.0,94339.62264150944,94339.62264150944,0.0,0.0,0.0,0.0,平衡型
Midea,美的,2021,"{'MIDEASZXCS', 'MIDEASUCHS'}",5364706.98,-42226.96999999986,250312.72999999998,4961654.72,0.0,美的,"{'MIDEASZXCS', 'MIDEASUCHS'}",22784.32075471698,73739.69226415094,0.0,0.0,2779686.398113208,0.0,0.0,188679.24528301888,3064889.6564150946,2802470.718867925,0.9143789933846712,0.02405949333601848,0.0,操作型
NIANCE,妮瑞斯,2020,"{'NIANCSHTRD', 'NIANCSHTDD', 'NIANCSHDQS'}",217832.98,105773.55,4843.0599999999995,16.75,0.0,妮瑞斯,{'NIANCSHDQS'},2190.933962264151,10202.547169811322,2465.8614779874215,623.3333333333334,14786.724056603774,0.0,0.0,0.0,30269.4,16977.658018867925,0.5608851850009555,0.33705812370946636,0.08146383734026513,操作型
NIANCE,妮瑞斯,2021,"{'NIANCSHTRD', 'NIANCSHTDD', 'NIANCSHDQS'}",297017.43,139751.29,11002.24,76.25,0.0,妮瑞斯,{'NIANCSHDQS'},10512.917578616352,17115.283018867925,7890.4866689128485,2987.166666666667,27322.668311320755,0.0,0.0,0.0,65828.52224438454,37835.58588993711,0.5747597637005234,0.2599979831740478,0.11986425336451999,操作型
Nespresso,浓遇咖啡,2021,{'NESPRSHTRR'},10556330.15,2076023.2800000007,350863.03,1210.68,0.0,浓遇咖啡,{'NESPRSHTRR'},0.0,0.0,0.0,0.0,0.0,14823.476800926983,0.0,0.0,14823.476800926983,0.0,0.0,0.0,0.0,平衡型
Nexperia,安世,2020,"{'NEXPEDGIHS', 'NEXPEDGTMS', 'NEXPEDGWHS'}",23916241.83000001,9132975.20000001,4113973.2800000003,820815.7499999998,4995174.95,安世,"{'NEXPEDGIHS', 'NEXPEDGWHS'}",140119.77845013476,0.0,450283.25778301887,0.0,1980018.854606918,0.0,0.0,1343475.7333333334,3913897.624173405,2120138.6330570527,0.5416949641100577,0.0,0.11504727538143422,操作型
Nexperia,安世,2021,"{'NEXPEDGIHS', 'NEXPEDGTMS', 'NEXPEDGWHS'}",21681896.59000001,7964023.330000009,4222475.49,-754219.7899999999,6211586.43,安世,"{'NEXPEDGIHS', 'NEXPEDGTMS', 'NEXPEDGWHS'}",161592.46011253685,93852.07547169812,572482.9126650944,0.0,3348738.5118727987,172263.27743119266,0.0,1343475.7333333334,5692404.970886654,3510330.9719853355,0.6166692267923031,0.01648724501360971,0.10056960381297747,操作型
Olympus Lifescience,奥林巴斯 生命科学,2020,{'OLYXXSHKQS'},2702893.87,728098.1099999999,511523.18,559857.7699999999,846315.12,奥林巴斯 生命科学,{'OLYXXSHKQS'},217343.22641509434,0.0,0.0,0.0,0.0,0.0,0.0,0.0,217343.22641509434,217343.22641509434,1.0,0.0,0.0,操作型
Olympus Lifescience,奥林巴斯 生命科学,2021,{'OLYXXSHKQS'},2194324.93,432251.5499999998,342832.26,313684.4900000002,1044436.28,奥林巴斯 生命科学,{'OLYXXSHKQS'},348873.9198113207,78629.11,0.0,0.0,0.0,0.0,0.0,0.0,427503.0298113207,348873.9198113207,0.816073560847737,0.18392643915226312,0.0,操作型
Otis,奥的斯电梯,2021,"{'OTISXCQIHS', 'OTISXSHTRD', 'OTISXSHIHS'}",4973719.5200000005,897165.9200000002,260010.37,228025.14999999997,1721784.53,奥的斯电梯,"{'OTISXCQIHS', 'OTISXSHIHS'}",543197.2996069182,471098.22251572326,187185.55188679247,0.0,292801.1832075472,0.0,0.0,44701.51886792453,1538983.7760849057,835998.4828144654,0.5432146172074678,0.30610993425426,0.12162932111148224,操作型
Outerstuff,傲司弗,2020,"{'NIANCSHTRD', 'OUTSFSHDQS', 'NIANCSHDQS'}",236133.54,110579.30000000002,27546.52,182.05,0.0,傲司弗,{'NIANCSHDQS'},2190.933962264151,10202.547169811322,2465.8614779874215,623.3333333333334,14786.724056603774,0.0,0.0,0.0,30269.4,16977.658018867925,0.5608851850009555,0.33705812370946636,0.08146383734026513,操作型
Qingmutec,青木科技,2021,{'ECCOXSHSJS'},10428346.889999999,-6505256.060000001,1508082.45,1549680.64,2441007.73,青木科技,{'ECCOXSHSJS'},55721.91981132075,245532.11804402515,120596.54214098165,0.0,230735.08511872735,0.0,0.0,0.0,652585.6651150549,286457.00493004813,0.43895693736935515,0.3762450375013008,0.1847980251293441,平衡型
ROYAL DUTCH SHELL,荷兰皇家壳牌,2020,{'SHELLBJWHS'},1049958.1199999999,334286.72000000003,674675.37,4036.77,0.0,荷兰皇家壳牌,{'SHELLBJWHS'},611603.3,0.0,0.0,0.0,0.0,0.0,0.0,0.0,611603.3,611603.3,1.0,0.0,0.0,操作型
ROYAL DUTCH SHELL,荷兰皇家壳牌,2021,{'SHELLBJWHS'},631440.48,-90549.60999999996,683790.8999999999,2433.2599999999998,0.0,荷兰皇家壳牌,{'SHELLBJWHS'},542881.6466037736,0.0,0.0,0.0,0.0,0.0,0.0,0.0,542881.6466037736,542881.6466037736,1.0,0.0,0.0,操作型
SCREEN Graphic + Precision Solution,斯库林集团,2021,{'SCREESHZCS'},711289.3799999999,194289.12999999992,143979.80000000002,1100.65,0.0,斯库林集团,{'SCREESHZCS'},0.0,3663.2075471698113,0.0,181640.6442799118,10546.698113207545,39424.77064220183,0.0,0.0,235275.320582491,10546.698113207545,0.04482704810303177,0.015569875914313915,0.0,平衡型
SENSATA,森萨塔,2020,"{'SENSACZIHS', 'SENSALZDCS'}",3255193.38,553584.77,555334.42,4329.730000000063,1885901.99,森萨塔,"{'SENSACZIHS', 'SENSALZDCS'}",380735.858490566,7250.0,4250.0,0.0,4500.0,57400.0,0.0,0.0,454135.858490566,385235.858490566,0.8482832863517838,0.015964385688672957,0.009358432989911734,操作型
SENSATA,森萨塔,2021,"{'SENSACZIHS', 'SENSALZDCS'}",2793602.05,270072.71000000014,492835.07,13455.31,1848239.25,森萨塔,"{'SENSACZIHS', 'SENSALZDCS'}",980089.8113207547,13050.0,243397.11320754717,0.0,6750.0,24690.666666666664,0.0,0.0,1267977.5911949687,986839.8113207547,0.7782785896008905,0.010291979992880953,0.191956951682533,操作型
SF Express,顺丰速运,2021,"{'HUAWEDHWMS', 'SFELCSHMHS', 'SFMLCSHTRT', 'HUAWEMAC1S', 'HUAWEDHW1S', 'HUAWETP03T', 'HUAWEMAC1T', 'HUAWEI191S'}",25660784.01,5660119.960000003,3655525.67,8618181.1,1076937.69,顺丰速运,"{'HUAWEDHW1S', 'SFELCSHMHS', 'HUAWEDHWMS'}",936027.3366709226,1719516.9785208586,1491803.217264151,51740.094083247335,1530275.502171698,0.0,0.0,0.0,5729363.128710878,2466302.8388426206,0.43046718866247624,0.30012358090972574,0.26037854186418286,平衡型
SGMW,上汽通用五菱,2020,"{'SGMWALZB1S', 'SGMWALZH1S', 'SGMWALZB2S', 'SGMWALZH3S', 'SGMWALZB3S', 'SGMWALZB5D', 'SGMWALZB4S', 'SGMWACQSGS', 'SGMWALZH2S', 'SGMWALZB6S', 'SGMWATLYZS', 'SGMWAXAKGS', 'SGMWALZB7S', 'SGMWAQDHDS'}",100171116.62000002,9317973.390000017,12411026.65,19834343.97,32829679.78,上汽通用五菱,"{'SGMWALZB1S', 'SGMWALZH1S', 'SGMWALZB2S', 'SGMWALZH3S', 'SGMWALZB3S', 'SGMWALZB4S', 'SGMWACQSGS', 'SGMWALZH2S', 'SGMWALZB6S', 'SGMWATLYZS', 'SGMWAXAKGS', 'SGMWAQDHDS'}",586222.2046616683,-288251.0986792453,1584003.8410849057,0.0,20871664.464905813,58048.348623853206,0.0,108968.84089398023,22920656.601490974,21457886.66956748,0.9361811505945976,-0.012576040193390215,0.0691081354528852,操作型
SGMW,上汽通用五菱,2021,"{'SGMWALZB1S', 'SGMWALZH1S', 'SGMWALZB2S', 'SGMWALZH3S', 'SGMWALZB3S', 'SGMWALZB5D', 'SGMWALZB4S', 'SGMWACQSGS', 'SGMWALZH2S', 'SGMWALZB6S', 'SGMWALZB7S', 'SGMWATLYZS', 'SGMWAXAKGS', 'SGMWAQDHDS'}",101148127.58,12178644.829999998,12001885.81,17341216.27,35226478.41,上汽通用五菱,"{'SGMWALZB1S', 'SGMWALZH1S', 'SGMWALZH3S', 'SGMWALZB3S', 'SGMWALZB4S', 'SGMWACQSGS', 'SGMWALZH2S', 'SGMWAXAKGS', 'SGMWATLYZS', 'SGMWAQDHDS'}",68932.71808027221,-738795.473674753,369448.2924528302,0.0,25973929.95512004,32973.84243667408,0.0,0.0,25706489.334415063,26042862.67320031,1.0130851527180307,-0.028739648734752595,0.014371791015361405,操作型
SIEMENS,西门子,2021,"{'SIEMESUEPS', 'SIEMESUTRT'}",70774332.53000002,15460832.30000002,6021802.399999999,1718151.18,0.0,西门子,{'SIEMESUEPS'},0.0,1102770.8492857143,166108.37163522013,54805.198113207545,1794840.2296161908,0.0,0.0,0.0,3118524.6486503324,1794840.2296161908,0.5755414600917073,0.35361941094901495,0.053265050095759305,操作型
SKF,瑞典滚珠轴承,2021,"{'SKFCNSHMFS', 'SKFSHDLSMS', 'SKFSHSHIHS'}",18006491.39,2190864.0599999996,2755184.29,2277833.21,6084240.16,瑞典滚珠轴承,"{'SKFCNSHMFS', 'SKFSHDLSMS', 'SKFSHSHIHS'}",1809543.598254717,571898.3494654088,372149.31132075476,0.0,3776911.536917502,130781.94426605503,0.0,241418.28310235433,6902703.023326792,5586455.135172219,0.8093141362584363,0.08285136236236042,0.053913562565725964,操作型
STARBUCKS,星巴克,2020,"{'STARBSHTRT', 'STARBWHTRT', 'STARBCDXXS', 'STARBBJTRT', 'STARBXMTRT', 'STARBCDTRT', 'STARBGZHPS', 'STARBSYXXS', 'STARBSYTRT', 'STARBQDTRT', 'STARBGZTRT', 'STARBSHHTS', 'STARBXATRT', 'STARBBJALS'}",232694746.37000003,21507205.920000046,22540766.51,5631452.160000001,8489771.43,星巴克,"{'STARBCDXXS', 'STARBGZHPS', 'STARBSYXXS', 'STARBSHHTS', 'STARBBJALS'}",5494033.499685534,5043928.29781661,269179.820754717,0.0,778272.5821614707,0.0,0.0,1304931.970125786,12890346.170544118,6272306.081847005,0.48658942117318194,0.3912950227312398,0.02088228021135871,平衡型
STARBUCKS,星巴克,2021,"{'STARBSHTRT', 'STARBWHTRT', 'STARBCDXXS', 'STARBBJTRT', 'STARBXMTRT', 'STARBCDTRT', 'STARBGZHPS', 'STARBSYXXS', 'STARBSZQAS', 'STARBSYTRT', 'STARBQDTRT', 'STARBGZTRT', 'STARBHZSCS', 'STARBSHHTS', 'STARBXATRT', 'STARBBJALS', 'STARBBJZWS'}",245271810.02000004,27130165.25000006,20134503.02,7634018.98,10917482.26,星巴克,"{'STARBSZQAS', 'STARBGZHPS', 'STARBSYXXS', 'STARBHZSCS', 'STARBSHHTS', 'STARBBJALS', 'STARBBJZWS'}",3531239.3638869813,6525855.835933155,459983.10153387376,0.0,12193332.68181631,1136877.5094339624,0.0,1895094.4839560706,25742382.976560354,15724572.045703292,0.6108436837421481,0.25350628346549164,0.017868707102707233,操作型
Suzhou Kemiyou Technology,苏州科密优机电科技,2021,"{'SIEMESUEPS', 'SIEMESUTRT'}",70774332.53000002,15460832.30000002,6021802.399999999,1718151.18,0.0,苏州科密优机电科技,{'SIEMESUEPS'},0.0,1102770.8492857143,166108.37163522013,54805.198113207545,1794840.2296161908,0.0,0.0,0.0,3118524.6486503324,1794840.2296161908,0.5755414600917073,0.35361941094901495,0.053265050095759305,操作型
TE CONNECTIVITY,泰科电子,2020,"{'TYCOTSDXXS', 'TYCOTSHY2S'}",8782216.870000003,2407193.7300000023,1810874.45,135336.28,1953201.66,泰科电子,"{'TYCOTSDXXS', 'TYCOTSHY2S'}",668771.4663353018,96739.51782709183,111736.11555621591,0.0,675728.1714771054,0.0,0.0,72559.56079796118,1625534.831993676,1344499.6378124072,0.8271121672387749,0.05951242380235146,0.0687380629175288,操作型
TE CONNECTIVITY,泰科电子,2021,"{'TYCOTSDXXS', 'TYCOTSHY2S'}",8147383.630000001,1856086.9900000012,1691057.0,545792.9,1747361.97,泰科电子,"{'TYCOTSDXXS', 'TYCOTSHY2S'}",1354632.9140161725,473837.8298128931,213400.5925471698,0.0,2869348.275943396,0.0,0.0,139218.67861635218,5050438.290935984,4223981.189959569,0.8363593309397213,0.09382113046768423,0.042253875852747196,操作型
THERMO FISHER SCIENTIFIC,赛默飞世尔,2020,"{'FEIXXDLTZS', 'FISHJCDXXS', 'FEIXXXAEPS', 'FEIXXSHLDS'}",4407406.21,725605.6100000001,671906.21,4343.65,44.26,赛默飞世尔,"{'FEIXXDLTZS', 'FEIXXXAEPS', 'FEIXXSHLDS'}",128520.0,13009.0,0.0,0.0,0.0,0.0,0.0,120660.0,262189.0,128520.0,0.49018074747605733,0.04961687942667312,0.0,平衡型
THERMO FISHER SCIENTIFIC,赛默飞世尔,2021,"{'FEIXXDLTZS', 'FISHJCDXXS', 'FEIXXXAEPS', 'FEIXXSHLDS'}",4468301.130000004,844720.7600000047,538217.6,3361.84,82.31,赛默飞世尔,"{'FEIXXDLTZS', 'FISHJCDXXS', 'FEIXXXAEPS', 'FEIXXSHLDS'}",216340.0,264605.5212264151,0.0,192176.78025763543,158146.0786163522,34639.0,0.0,203110.0,1069017.3801004027,374486.07861635217,0.3503086905670142,0.24752218827495884,0.0,平衡型
Thermo Fisher Corporate,赛默飞世尔,2020,{'OLYXXSHKQS'},2702893.87,728098.1099999999,511523.18,559857.7699999999,846315.12,赛默飞世尔,{'OLYXXSHKQS'},217343.22641509434,0.0,0.0,0.0,0.0,0.0,0.0,0.0,217343.22641509434,217343.22641509434,1.0,0.0,0.0,操作型
Thermo Fisher Corporate,赛默飞世尔,2021,{'OLYXXSHKQS'},2194324.93,432251.5499999998,342832.26,313684.4900000002,1044436.28,赛默飞世尔,{'OLYXXSHKQS'},348873.9198113207,78629.11,0.0,0.0,0.0,0.0,0.0,0.0,427503.0298113207,348873.9198113207,0.816073560847737,0.18392643915226312,0.0,操作型
Tods,托德斯,2021,"{'TODSXSHHCS', 'TODSXSHTRD'}",8699207.92,-1821189.9099999988,668702.09,851385.43,2105979.11,托德斯,{'TODSXSHHCS'},291258.82464285713,345902.66738207545,0.0,0.0,66119.74531885715,0.0,0.0,0.0,703281.2373437897,357378.56996171427,0.5081588289081777,0.49184117109182246,0.0,操作型
Venchi,闻绮,2021,"{'VENCHSHKQS', 'VENCHSHTRT', 'VENCHSHWHS'}",2117997.67,351766.92000000004,83783.04000000001,157539.47,7088.46,闻绮,"{'VENCHSHKQS', 'VENCHSHWHS'}",29456.405660377357,134868.13724842767,7000.0,56900.0,116317.85905660377,0.0,0.0,0.0,344542.4019654088,145774.26471698112,0.423095281989752,0.39144133342974746,0.020316802692699584,平衡型
Weifu High-Technology Group,威孚高科技集团,2020,"{'WEIFTNBWHV', 'WEIFTNBWHS', 'WEIFTWXWHS'}",3292105.16,301908.82000000036,278838.15,7587.410000000021,963388.74,威孚高科技集团,"{'WEIFTNBWHV', 'WEIFTNBWHS', 'WEIFTWXWHS'}",0.0,0.0,0.0,0.0,136350.0,114145.56704328328,0.0,0.0,250495.56704328328,136350.0,0.5443210097863329,0.0,0.0,操作型
Weifu High-Technology Group,威孚高科技集团,2021,"{'WEIFTNBWHV', 'WEIFTNBWHS', 'WEIFTWXWHS'}",2560193.5300000003,60386.63000000009,456866.87,3023.350000000002,854278.33,威孚高科技集团,"{'WEIFTNBWHV', 'WEIFTNBWHS', 'WEIFTWXWHS'}",0.0,13392.272641509435,4706.5,0.0,661925.7736702606,190208.8057143214,0.0,0.0,870233.3520260914,661925.7736702606,0.7606302058283037,0.01538928910312312,0.005408319491596421,操作型
Yudo Motor,云度汽车,2021,"{'YUDOMPTTRR', 'YUDOMPTIHS', 'YUDOMPTTRD'}",856273.5100000001,121303.09000000007,53487.520000000004,392.31,0.0,云度汽车,"{'YUDOMPTTRR', 'YUDOMPTIHS'}",349056.60377358494,0.0,0.0,0.0,0.0,80867.85613420657,0.0,0.0,429924.4599077915,349056.60377358494,0.8119021742760326,0.0,0.0,操作型
ZEBRA TECHNOLOGIES,斑马技术,2021,"{'ZEBRASHALV', 'ZEBRASHALS'}",12922278.230003662,2308918.880003662,1841943.0300000003,79615.61,2002127.64,斑马技术,"{'ZEBRASHALV', 'ZEBRASHALS'}",754435.7744896048,2326137.1886120997,292214.5720172317,0.0,10264575926.907892,0.0,0.0,492556.56489979406,10268441271.00791,10265330362.682383,0.9996970418154593,0.0002265326476745555,2.845753939716978e-05,操作型
ZTE,中兴通讯,2020,"{'ZTEXXNJZXS', 'ZTESLGZTRD', 'ZTEXXSXXYD'}",42198405.47,3393819.429999989,1635755.55,24164.890000000003,115749.31999999999,中兴通讯,{'ZTEXXNJZXS'},49162.156399246174,0.0,0.0,0.0,243301.04345404188,156674.76570240117,0.0,42642.28320107936,491780.2487567686,292463.19985328807,0.5947030215073532,0.0,0.0,操作型
ZTE,中兴通讯,2021,"{'ZTEXXNJZXS', 'ZTESLGZTRD', 'ZTEXXSXXYD'}",38430825.04000001,-637891.3199999807,2069990.51,668425.41,0.0,中兴通讯,{'ZTEXXNJZXS'},134782.12187398254,0.0,0.0,0.0,307818.33052424237,113917.75524251415,0.0,18055.713866346858,574573.9215070859,442600.4523982249,0.7703107221387641,0.0,0.0,操作型
BMW Automotive,宝马中国,2020,"{'BMWXXCDTRT', 'BMWXXYJBMS', 'BMWXXSYTRT', 'BMWXXSHYSS', 'BMWXXFSTRT', 'BMWXXSHTRD', 'BMWXXSHYSH', 'BMWXXGDTRD'}",217696970.28,25766003.390000004,7409073.24,7026435.540000001,98996.28,宝马中国,"{'BMWXXSHYSS', 'BMWXXSHYSH', 'BMWXXYJBMS'}",128108.19811320756,759063.9292452831,9536142.716981133,928427.2141338959,8654504.22022327,0.0,0.0,0.0,20006246.27869679,8782612.418336477,0.43899351712412177,0.03794134685093603,0.4766582688295447,平衡型
BMW Automotive,宝马中国,2021,"{'BMWXXCDTRT', 'BMWXXYJBMS', 'BMWXXSYTRT', 'BMWXXSHYSS', 'BMWXXFSTRT', 'BMWXXSHTRD', 'BMWXXSHYSH', 'BMWXXGDTRD'}",189598583.6,23149577.730000023,7263431.01,7166030.42,78992.77,宝马中国,"{'BMWXXSHYSS', 'BMWXXSHYSH', 'BMWXXYJBMS'}",72169.7995283019,186815.5283018868,9853034.867924528,2068694.968553459,5234401.870959569,0.0,0.0,0.0,17415117.035267744,5306571.67048787,0.30471065223055427,0.010727204871696382,0.5657748293032384,增值型
BMW Brilliance Automotive,华晨宝马,2021,"{'BMWXXCDTRT', 'BMWIMSYTDD', 'BMWXXYJBMS', 'BMWXXBJTRT', 'BMWIMSYXXS', 'BMWIMSYTRT', 'BMWXXSYTRT', 'BMWXXSHYSS', 'BMWXXHFSFS', 'BMWIMBJTRT', 'BMWXXFSTRT', 'BMWXXSHTRD', 'BMWXXGDTRD'}",368669600.06,20327651.51999998,12996955.11,14680186.120000001,4080014.26,华晨宝马,"{'BMWIMSYXXS', 'BMWXXSHYSS', 'BMWXXYJBMS', 'BMWXXHFSFS'}",191459.9345283019,123104.1083018868,12474880.097924529,1255572.1698113207,7520204.985097934,0.0,0.0,0.0,21565221.29566397,7711664.919626235,0.3575973004819935,0.005708455601456722,0.5784721578736036,增值型
"Beijing Hangyu Kuaijie Freight Agency Co.,Ltd",北京航宇快捷货运代理有限公司,2020,{'VENCHSHKQS'},516523.41,47447.30000000004,72116.48,117362.07,18762.51,北京航宇快捷货运代理有限公司,{'VENCHSHKQS'},1967.0,65195.89622641509,114825.27358490566,0.0,21391.77513477089,0.0,0.0,0.0,203379.94494609165,23358.77513477089,0.11485289339104905,0.3205620703835674,0.5645850362253835,增值型
Diodes,美台半导体,2020,"{'DIODETP01T', 'DIODEI172S', 'DIODESHFTS'}",32360842.060000002,5983047.790000002,8338909.63,5877765.48,423281.25,美台半导体,{'DIODESHFTS'},130559.78509525125,169707.1946993819,405973.0380221015,0.0,0.0,0.0,0.0,33330.005619029784,739570.0234357644,130559.78509525125,0.1765347174142072,0.22946737877636797,0.5489311696762713,增值型
Diodes,美台半导体,2021,"{'DIODETP01T', 'DIODEI172S', 'DIODESHFTS'}",27621477.76,4752493.729999999,7284856.6899999995,5325732.65,445598.9399999999,美台半导体,{'DIODESHFTS'},236010.27903632802,283162.5140475744,989306.2371230568,0.0,0.0,0.0,0.0,54006.67728038959,1562485.707487349,236010.27903632802,0.15104796025037492,0.1812256666993334,0.6331617834213482,增值型
ERICSSON,爱立信,2020,"{'ERICSNJJLS', 'ERISLGZHPS', 'ERISLGZTRT', 'ERISLGZWHS'}",98557736.86,10624578.640000002,6594302.28,93926.3,720395.49,爱立信,"{'ERICSNJJLS', 'ERISLGZHPS', 'ERISLGZWHS'}",2347812.904245283,6031113.9907389935,12393343.566037735,610820.0,2228423.3915921184,0.0,0.0,694617.0,24306130.85261413,4576236.295837401,0.18827497982243546,0.2481313882209412,0.5098854951940994,增值型
ERICSSON,爱立信,2021,"{'ERICSNJJLS', 'ERISLGZHPS', 'ERISLGZTRT', 'ERISLGZWHS'}",80323805.22000003,7513624.220000032,5940710.24,155577.52000000002,587808.6900000001,爱立信,"{'ERICSNJJLS', 'ERISLGZHPS', 'ERISLGZWHS'}",2428813.181918239,5450508.708581301,13307273.631352201,540180.0,1709908.6318948008,200000.0,0.0,318020.3,23954704.453746542,4138721.81381304,0.17277281887590726,0.22753395764516876,0.5555181721004673,增值型
Fengyi Technology,丰宜科技,2020,"{'VENCHSHKQS', 'VENCHSHTRT'}",1070276.58,100441.78000000013,72116.48,117362.07,18762.51,丰宜科技,{'VENCHSHKQS'},1967.0,65195.89622641509,114825.27358490566,0.0,21391.77513477089,0.0,0.0,0.0,203379.94494609165,23358.77513477089,0.11485289339104905,0.3205620703835674,0.5645850362253835,增值型
HUAWEI,华为,2020,"{'HUAWESZLHS', 'HUAWEDGLSS', 'HUAWEDHW4S', 'HUAWEDHWTS', 'HUAWEDGNHS', 'HUAWEMAC1S', 'HUAWEDHW1S', 'HUAWETP03T', 'HUAWEMAC1T', 'HUAWEI191S', 'HUAWEDGTRD'}",166312501.71,33449044.490000002,15153063.76,5070843.719999998,74823976.56,华为,"{'HUAWESZLHS', 'HUAWEDGLSS', 'HUAWEDHW4S', 'HUAWEDGNHS', 'HUAWEDHWTS', 'HUAWEDHW1S'}",0.0,0.0,10629970.808445644,32117.817616959066,4261607.22963093,0.0,0.0,0.0,14923695.855693532,4261607.22963093,0.2855597749270055,0.0,0.7122880894406736,增值型
Jilin Chengquan Logistics,吉林省成全物流,2021,"{'MARSXBJALP', 'MARSXSYFMS', 'MARSXCNTRT', 'MARSXGDTRT', 'MARSXBJSHD'}",33615846.169999994,1680365.9600000018,2935691.2600000002,3509525.35,10613.22,吉林省成全物流,"{'MARSXBJALP', 'MARSXSYFMS'}",0.0,285301.4639807441,3965447.6727124164,0.0,115356.61703122192,0.0,0.0,0.0,4366105.753724383,115356.61703122192,0.026420939743115525,0.06534460685872663,0.9082344533981577,增值型
KONICA MINOLTA,柯尼卡美能达,2021,"{'KONICDGTPT', 'KONICDGTDT', 'KONICDGTRT', 'KONICSHDQS', 'KONICWXTDT', 'KONICCS12T'}",58247316.989999995,2292134.3099999963,1656934.8199999998,36060.21,232903.44,柯尼卡美能达,{'KONICSHDQS'},84154.66981132075,0.0,115343.30660377358,0.0,0.0,0.0,0.0,0.0,199497.97641509434,84154.66981132075,0.4218321976169853,0.0,0.5781678023830147,增值型
Mars Wrigley Confectionary,玛氏 箭牌糖果,2021,"{'MARSXBJALP', 'MARSXCDXXP', 'MARSXSHTRT', 'MARSXSYFMS', 'MARSXCNTRT', 'MARSXBJSHS', 'MARSXGDTRT', 'MARSXBJSHD', 'MARSXJXXWP', 'MARSXJXXWS', 'MARSXCDXXS', 'MARSXWHIHP'}",124843796.63000001,12252362.800000025,12761226.450000001,10512235.350000001,8015815.53,玛氏 箭牌糖果,"{'MARSXBJALP', 'MARSXCDXXP', 'MARSXSYFMS', 'MARSXBJSHS', 'MARSXJXXWS', 'MARSXJXXWP', 'MARSXCDXXS', 'MARSXWHIHP'}",24641.509433962263,4381621.436781979,13958516.713835245,0.0,1448363.2422367276,0.0,0.0,410306.15429245285,20223449.056580365,1473004.7516706898,0.07283647549681439,0.2166604432568971,0.6902144473369829,增值型
Shanghai Xinwei Ecommerce,上海心味电子商务有限公司,2020,"{'VENCHSHKQS', 'VENCHSHTRT', 'XINWESHKQP'}",1082039.1400000001,103933.63000000014,72116.48,117362.07,23705.47,上海心味电子商务有限公司,{'VENCHSHKQS'},1967.0,65195.89622641509,114825.27358490566,0.0,21391.77513477089,0.0,0.0,0.0,203379.94494609165,23358.77513477089,0.11485289339104905,0.3205620703835674,0.5645850362253835,增值型
Suppliers - BMW,宝马供应商,2020,"{'BMWXXCDTRT', 'BMWXXYJBMS', 'BMWXXSYTRT', 'BMWXXSHYSS', 'BMWXXFSTRT', 'BMWXXSHYSH', 'BMWXXGDTRD'}",209999387.28,24532841.650000006,7332097.41,7026435.540000001,98996.28,宝马供应商,"{'BMWXXSHYSS', 'BMWXXSHYSH', 'BMWXXYJBMS'}",128108.19811320756,759063.9292452831,9536142.716981133,928427.2141338959,8654504.22022327,0.0,0.0,0.0,20006246.27869679,8782612.418336477,0.43899351712412177,0.03794134685093603,0.4766582688295447,平衡型
Suppliers - BMW,宝马供应商,2021,"{'BMWXXCDTRT', 'BMWXXYJBMS', 'BMWXXSYTRT', 'BMWXXSHYSS', 'BMWXXFSTRT', 'BMWXXSHYSH', 'BMWXXGDTRD'}",186143325.29,22638522.83000002,7259973.0600000005,7166030.42,78992.77,宝马供应商,"{'BMWXXSHYSS', 'BMWXXSHYSH', 'BMWXXYJBMS'}",72169.7995283019,186815.5283018868,9853034.867924528,2068694.968553459,5234401.870959569,0.0,0.0,0.0,17415117.035267744,5306571.67048787,0.30471065223055427,0.010727204871696382,0.5657748293032384,增值型
Taotong,广州淘通科技,2021,"{'MARSXBJALP', 'MARSXCNTRT', 'MARSXGDTRT', 'MARSXBJSHD', 'MARSXJXXWS'}",55705717.11000002,4742126.140000029,5461952.74,2114441.29,4382850.45,广州淘通科技,"{'MARSXJXXWS', 'MARSXBJALP'}",24641.509433962263,2312469.994534292,4020915.193407385,0.0,830314.7676100628,0.0,0.0,390192.94693396223,7578534.411919665,854956.2770440251,0.11281287786980732,0.30513419466660924,0.530566330487754,增值型
Venchi,闻绮,2020,"{'VENCHSHKQS', 'VENCHSHTRT'}",1070276.58,100441.78000000013,72116.48,117362.07,18762.51,闻绮,{'VENCHSHKQS'},1967.0,65195.89622641509,114825.27358490566,0.0,21391.77513477089,0.0,0.0,0.0,203379.94494609165,23358.77513477089,0.11485289339104905,0.3205620703835674,0.5645850362253835,增值型
